排序,标题,热度,链接
读懂中国需读懂进一步全面深化改革,读懂中国需读懂进一步全面深化改革,读懂中国需读懂进一步全面深化改革,/l?e=ff05dugxv0Zs6Pzb1X6gE%2B3rmlso3hMzda35qdQJ%2Fr4r10Z8eofUGnrS9kys%2FxmcFMx44vQSjqoSQysND9nb9DgRFobMvYQitnrvkpI2uXSx6GRqaGb1lLj5Qem%2FMQe9PTBY3B0ar2IFVPm9WqzopmaEfAiREQw6fzo0oYNrprDXVDdLVmsHlvWSk0L073wC%2BQ9aoizidXDGam4%2BGVcQTgAnLKbTdLzsG9YYfxSC8Oz1cKip0%2FVG6Ysz1hffEu12%2F9Ti0N%2F55QpAKbGpG0bOqPPReCc0mIb9IQxiQ4n8ZG4Lwxd345k0D21lIH71FPz7SckwkFdXPBCVR3HPXb4uPJgNVsQTwZOspOsIvNo56lrXnqPHOpu8DKBu89X%2F4GlSOO9FN4klv%2B7vefvyFxRtBMvDgx0%2FdybJa%2FLyfEfCXv0NrShiOO5Unk8dadBlmPpaOrnay7I
男子欲潜规则下属被拒后称白提拔你,男子欲潜规则下属被拒后称白提拔你,男子欲潜规则下属被拒后称白提拔你,/l?e=f430IUYrgKluKKhDhINzgz2xo7MAyyQrrZtdNk2YJptIxj5HdWGjRCPpKYXbPaGqJdYF%2FuonNU8lWVPFjY6gNFrJNh2uPZa6pwNxIJmH%2BUdfAF8KF%2BE0Qu1u04OMb4unmigvUMfjmi2basnjxUUr3fAFHzTEMFjGGcEY1DuJz%2BAgNqlglZ9ZbxO9mDtAUFOtmn96NDn8G1meEpXk2pKdT%2FU0yIeATNDpPbtiNCGhBZZgconqU%2B%2F6mCNt5E2NZnwZs9nzAtW8MOnLAusbrd3KhEiSwOko0mDd9I%2FDL6Hft6ltPN28x5tEmdvfUvgonQwfO7IueLoHyw297OMaEXtLgoGe2x66AC19MNJdQX2tla73pUJ9UR4%2FArw6Uc%2BpnKhP1BP%2Fu0zi8oYe9t745wv1zeuZLkoSXxCd%2BeEoOxpRRrXIV1skeDGY%2Br2%2FDExsEmW1fuw80Ws
福宝发抖,福宝发抖,福宝发抖,/l?e=0f2aN5XqdK3pMVsWn4tpUs9KbrEXfvvJIYq6ydyJnORcMAiNeFn4qwMbGJVwbAySOq9tbXhb4pRx4STN9di%2BbDNYkeUm8yLzqtsfpANHXjYv8zTm16ew9Mer0ifCw4tU%2B3GDN1bFB18qsz%2BeVsTM1L%2Bbf6I%2FjBuJbA1vtFk%2BWB2%2FInNbOG1FUgYqquBzM%2BAXuQ6UJMq7M%2BZG%2FW2n8U5RFXM
请多给残疾人朋友尊重和关爱,请多给残疾人朋友尊重和关爱,请多给残疾人朋友尊重和关爱,/l?e=097e3ZpidzUMPPRnYamgEkxWIfFTFnKhonFDsksnAJ1EQ%2FLF1jwNHNBwg5mba9hpnHQK68smeFCyuUpGCBhFxoqA7M3PPHIUcLowa9PsRDhGCfHmYJcfc4ZCKfeGU8qoAwEyCMzayaJ%2FCw%2FD5EylTna85qD74OUmEp%2BHN%2F48R787O6H6uuwhbh6oQ%2BbQ16EqeFwoLOUE2S4ct7Y4rHuMUQWOXIYi8WP0WEFuIHtByFneGgYqycOaV%2BuevtLxPAQO9AJC%2F68yuFoPwwTaA9EPBVqTTlzk3ogBTV01K45YVYsIp%2BhHs5LiJiQ%2Btnk2pI1v71p74fNXFmakZ4%2FTTJRXTiw9eiCkLUrmFqMzBuHAo0WJQIiB4Tb6PFg5sMnCNvk%2Fo1e%2BhCy5%2BFw
博主灰太狼因胃癌英年早逝,博主灰太狼因胃癌英年早逝,博主灰太狼因胃癌英年早逝,/l?e=8cd1BKvFOpuAWyiZWh0oxJWlIu%2Bm01dlCaH9ATYWmyJLk4kKfc5Y22xsLF15mYYav7i4wvpzJkF0NIoWHz3NiFVPrAUJ75YZaMUUIHKOzRWXHiSFlkUWIcuXMc3pbs8qT2DxvufIAmGbUpkp2J1VIxfrR2t%2BryGKcdQif5WgeXkhHDLpVUqZlqyn73DPw1Fd9dPiLIJg5sVK8ZdtdFxiDEhHtTig8AbXHk5hriZAIFE2nPdpPnfz4wKDS0F8xzDpO%2FIfLu8GPT6W9ClxcPZ1WMrZndTVxXXPglqEHOan69L81QcrZg6JKcoJD4i0BiVT2bDK9VCuStGyKbaHsX06HCcYDPJUwBvwk9Le%2BvB%2BPmF4R4I9TO6vjxY
一乡镇公务员日均接收文件通知60多份,一乡镇公务员日均接收文件通知60多份,一乡镇公务员日均接收文件通知60多份,/l?e=4dc8wS2fFnufW6gnznh6ciEnDKgOsNSroOiLmstTOdbfNODyq6UDGyAFVQGTEIZS8zAEW9271Ajm%2Bgl3HVo24O6o4QDuAZqgz7Dgupf9bJJVqgrE01nB5OdBc9EjA6Px8ILPtZv3L02MaRfNXt2%2BXgNiC0eHqxVG84BWpx92jfWDaOSwmDvgbH%2BIG83pWc7RLmcHbC36%2BRV8%2F9kscTm%2FCB3LZbBgPc0Do%2BQSbTvJg%2F9M8Z3we0Gyc2oviT54C1xeRne923qyx19eRNqtZq86bXSp6JyPwEt4G%2Bnv3MzzAMraHF%2Bdmqp3t9RPlU3WiNw%2BRRNpULyfrDodlyDUfKh0a80sVOntKcx8B1uAiz8swIhrY5C3vCc1LuegD0JWQRydxKNNbh7gu8aFfoROFoXLYnpFLRZyvLUbZzQqr3OT3x5tgDkXh4q42eLUWiqDz1%2BixYosaKO8qQ
马龙笑看台湾绿媒造谣,马龙笑看台湾绿媒造谣,马龙笑看台湾绿媒造谣,/l?e=1f61cMcTIwr%2F1RpVhBi9ICydLRsdyj5pkmPao49w9S3AU6CK%2FxftJacjDIkfG0S6ePnVQJhbWC2dw5D3hdz7m521kEzbomkfhNBbSL7BlqGtB7Py1m8XkqQG2vT3gSseoVkL1SoEQ%2BRYa4yjMhROdaGf%2Bh0C19DcuFf%2FXqq6ZRceREHZi4ADmjSeMle1x77LEQJCYMWMo2TH21sk%2B97rlFiz9JhqEJJLcnBHq%2BEMrA0YRRUeqPZOUOpYJjXm46PjEh%2FqRzaRWAZtbWHwbo4Ki4jjKW3XvvPJvSNKxzGH0YqWcUCE9mVlA0fTsv5lmVSISH6%2BhIglISYmUq4
曝王宝强公司疑涉合同欺诈,曝王宝强公司疑涉合同欺诈,曝王宝强公司疑涉合同欺诈,/l?e=4c5do1%2F%2Bu6YuKirFLCUG24Vs0jZL7cWIL9IYXlLGOLk7Ds2HP30p7gWJ3Oa2w2TPDdVL%2Bk8X319sViwgIfGU7hUMrMoABvAvSpVKnsQyJCHZC7d7%2FLTqmstWFr4i4aswkYmWjnBeRaITeE7SVpIhB60m3D%2FeQW0j8I9wlXjYuczCTS8Ru8bZCWMGSxXsmHGw75G5t0pbseUqfu9SizRzPnIUWUuzk3ZSHxXQOAJbuHrXxOgFNRDWsTsLDYpSsC2%2BvUUeAdRhCgngGdn2HBHA7A6RJ%2BwZHaYF1RLXo4vnTGfTxg6N3FRGJR%2BBDd6Pc1n99GNHmwRmthmdaa7OcNCXAbc03b3g7Xj1I%2Fsl%2FSc2Uu%2FiUA36Wnwyprk
黄圣依家世,黄圣依家世,黄圣依家世,/l?e=08b78kOQ9VXE8Dd3j8L1AS3uv03StQYSE%2Bvj0gRIvP2Sq%2FzRXlmnKoYldH%2Bfj7wQtWtjYgCzmBFNeQsQW0iEH5F6uqfJ8pjgpihgysZlFUY%2FlZQwIYEgcakj14b%2BbQUYy9rjJZf8bwLtLq5%2FJLPRy88cjT7EK%2BAnuaSE76HBnQFF4iiwa%2Bm3wVTcF5SNVfJaRRs3y%2BSN724Hv9eWQiJO79FA%2FCrq8mEn92VIDGTNA2U
禁止两用物项对美国军事用户出口,禁止两用物项对美国军事用户出口,禁止两用物项对美国军事用户出口,/l?e=19d1682AcpSl5edD3VRdPZvWL%2BjMRN2%2BvIb9d8%2BVftUxTWzFLteKBAQ0%2FgOx9eV9xMl%2BxMgb9cje9S63c18NFuhCVXVxapuwQPrvywyz72QD3eP960aFXEysCsvBM%2BDXcjgNe77ZFKdD0JFjnTf%2BWRWQOjjVw%2FBzkvehMCv6n2Z5NeijDU8IFYGBWruiE61aDuN62%2FKBIGav3u1ZqfD5utviBzHmX3Xk7YVT1z99l%2FaiVKdA%2BavKC4QZJNQ32Tq%2FSaYJ%2FXZxarCqlLDfrgioX%2FVCm%2BByDfYLenxnhybi3tEL5eg94Q3GdQiU%2Bo1nHnILKvTygoHYsxcRtw1Z07SNgdcvOrhJL951Qo8YcrlJsOgyPNtZ%2FK7et7PRMpXpL12hghP0BdW21hR3ddC0FpkkM1vaCYYhzQwA7paVmLY0Z9ADqhm5UgY
香奈儿在杭州,香奈儿在杭州,香奈儿在杭州,/l?e=9f9emoti3IKPZGOa%2FgXjMPHainBKNKg6g5fHDYktrCD5ffycKbTF9%2FowTK9i986dnb1ufb8EZGLQsqw7vJz826QHWeUGKk7GZxZQWOxVm3slrL7qKhAbi2rDV8FnpOtAfydyHvj5t%2FAfXAcrKpttzauS1h0mHa%2FdnUaEptr3IT8zUnORNS7KvlTQ491itWsLzvgk20tKNai%2F76Pq4Q6POCpBEflFGY%2FL9dEvnFFRKv4fISY9KLxU39GFjNkkbTE
豪士面包老板哭了,豪士面包老板哭了,豪士面包老板哭了,/l?e=1f79wXo6oEY%2BBfTWSrukrRSkWMDgcFIHyN4uL9p2OD3VSQVPyhlOL8IonoBjvtSRtwTXvkJu4lPjdXWVVATdf06aJcdZa5yvhws8O3l0EU45MSbmZoCmCty6YYbGqvyiUXC9kT3WTgn1lTog4RGXhuaIh27ked8nvwuZXy%2FskUFDUrAjIPkPEVRJ54DHNNY6R2GJaZlM6ADYuobYUjJftS490fAmyjlbnuKoD8ytRRCYdNwah9%2FAHi2pMnY6YEY8hBbws%2FrDcoYPtk3Wae3X6nWCfAcKDenXCWrVMhc
宋慧乔 痛苦只是流经我,宋慧乔 痛苦只是流经我,宋慧乔 痛苦只是流经我,/l?e=a039viaLLTvNhvRRQyO20kHllB6l%2BM9Rci5g1pPUqgysDRc1dhniqIA73o1lAdWYRx2HZI6qkkRKz0l9juhG98KHS2Hkv98i6RFoDHM1Dru1L4jXm2NtPONzurrHYSmDTcGSmX0w0AHvwtyKyCJkopFN99udAZK%2BcQ7AltCHBX5YAyDJzLDIkTgAm5Am5OOcr3bg94bxyagJ1iQA%2BeSjqCcBg2sA2JuHco%2FP1%2BOeRbo33ErTt0T2C%2F8JUPQgn8D%2BLZ8v8QVcklzFNRlMEN7eJNNjQf85hve%2BaFjPVRnYhh24ZKunsSR7LL4ZiYsvUFQKwCafZarxUxoVBVo8eLw
鹿晗 关晓彤,鹿晗 关晓彤,鹿晗 关晓彤,/l?e=26feWYoLbmBX%2BvNw0Cx0D5wrzQaOibpPy39kgACIeyhGfuQsTn6P0NzyeizNvZlIG%2FmTiroOmQZEa8kFoPtM8S%2BY25BIBnP40FPAcxPvPmeIL4KCFNIY8NLemTudxzXjdUe7t0384iJgkJkk%2BzSTs8NLhn2su4Xd2qjdmMM0afAzQtWi8oNAedQjEwVEykbTNWyRLyGl%2FMQP5jZKkFRcvX3rRX0omWeCHq3iSRTDdSs1%2Bvw
多人趴地上迎接领导教培机构拟注销,多人趴地上迎接领导教培机构拟注销,多人趴地上迎接领导教培机构拟注销,/l?e=8fa6C50%2BALfuCzLA0CCklIwrZr9riyHjIHS3c1eTUenZmbbPPJpC1RYsTOoNWqLBPD9tyvQnO9C9k33KI%2FmCfDU9SlWjqIMJpUcapOLY1XE9h83QR4xJdIJyu%2F954TJfy07yXqV9%2Be%2FLFe%2Bb9xh1rf4ytmR19obsTClhw7jciOx8uFoHpcthD%2Fsx%2FZdvuw5nCybnhvg9SyWkltEk9lST0UAPgdLihCE3gIX0x2gcIyMgfO4tL9IbuiPosD07yVotyoUzCtoJstXyNk1NuXPxSvuZa8aBmj1jDYf18etXAjqIKH2dXUW0uZ9wu2FR3J2JJdNJTHVuS5wg%2F2edKS8YEbyoZ%2F4PjCyKkOJ5pIdQc07G0Is8p8t5FbZY%2B%2Bc4wVDvpIxLcZmdmsYpHiQDn0KJKO7L%2BBSHAarMfCKymkw0evaEntvDgQinBayPQYD2SsngTAPcBPw
何依婷怀孕,何依婷怀孕,何依婷怀孕,/l?e=5fbel5Tf4rxg0Y5l1Ksw96ZPbAZEa6PVuvnOZW%2FwdmqcloekiTip05Jwbcg21w%2BGprbuszGRxb9jT9YgM16m7tezc2XnvUOYJiyguO0XjYITanOeSex3Lxx8YpwwSNvo9JIc8%2BdipK97fLSCBByXC%2BkZCd9vNSg%2Fm%2FMmHdTuvXmm6lTE3tH3ffy3ex7xj%2FfhVPfgHc2tFd7e2BEidz4GBko4%2FUu1n1%2FRB8DO9PotcQs
韩国演员朴敏宰去世,韩国演员朴敏宰去世,韩国演员朴敏宰去世,/l?e=2a82GlvdTwno94xMZn6ovbPwhTImQkL9WYv9vqfxPS1o4kQ0mnbfEqba6zS4MFXObgxvx%2F0Ypbsvw%2BnqYUWxjWs101Jza5wSClP5ZvNUwVqUHWLAadZvz9%2BLIk8x5Vms4gz2Tz3mgZR6HUJVAcAvzpZWKIwB5wRNhKD%2FZuR9hnZybzAj034sld%2B1%2BAwqJGwLyS3iH1FDvAet0F9wqhQ6AtmVQKgsnldvIcnemLXshplTwWxLkAD8zX%2FZ2ZRMYk3VKg7GEaohHF4ORq%2B3QLaYDInr48EOAYNkzUmPw%2BRwpzW0V0gMm2ulPBP%2B2i8
老板接44元订单竟涉嫌帮人洗钱,老板接44元订单竟涉嫌帮人洗钱,老板接44元订单竟涉嫌帮人洗钱,/l?e=163909pzZX8ZlolX3zBsWm78W8beTT7aIYlGX4dRa2JRLHK8I5MjlBxTtubL%2Fg4YNcrNAdCUGrhuBUQ3wbSdpMb8RcJZSIBKHY5ZqtvxJJlWKEEfbKuFjMDhLoixdMho4q%2Bvf%2B1d3xM7an7yqFhi5cE7R%2BDoyb%2FBu3gOO9HuUCmMadd1ciqyBlp6Sz9UNcUrufXGn0aCfcsNcagczyhFir3pGjsVW7q4AAFmuZKC8ClMvdnonNVRz6GoQ82MvUyY%2FpJOJJNR3eLyWWVmrOEDpUVDuopLYBk21rDkD6PxYYUQUAIbrenPK8mXdZxJrTVssSfJKuavp02VyS6YCuyKe7EbKO%2Bibs5oceSMx5JKed4gznWzhk9QVwUox9fnPn00z4NZZTTyWJ5aZQ
孙颖莎回应莎头组合是否出战混双,孙颖莎回应莎头组合是否出战混双,孙颖莎回应莎头组合是否出战混双,/l?e=ab6aOSQ51pjXxsR72ZvFeWeae9e%2FgXqtqs%2F97KdSdBOdChQyl9ikj3e%2FJ%2BfE%2BwkZ5zLhn%2FwT97paPWRf9fY%2FcCEJFDlrExSvsxqe8pezJiz%2FHr3fbt1NBXd0kRhddzLlvDYAYq0Iz%2B3I1GeVZlPTif0GPyc1ilkYBtAcEV5FqcfHH%2Fywvab3JfQ1s7CsPC5K2kqHrhnfn7VrNvSJrl358Xe37MBHxT%2BtUwxHt6FZWNINjjU3oSS8Yaph5u%2F2wcwl9dW%2BEb%2BFGYChcG0N4R8BXgXEWDFKQX0hX5CUwwSNSW6P%2BS383UxqCvw09nQoAxmzxWclqdT6ROictVrCnHUv31WkeKk7KDmxVCj16An07Q72NPYwUi3enG8AzMRW6nn6mPUi7fu29km2JNLuDom2YzgadvjL8clZAfSwgI5eUDFlY99GLBM
陆定昊道歉信,陆定昊道歉信,陆定昊道歉信,/l?e=09d9eS6qngVNFVxbTGyUXD27MCTcctSvAQBDiH3WZJpb%2FoWWRcINNVlSaQtwCBWv5UyryTPzJ%2BDV%2BYH0xf1ofsMo%2B09xFe8E%2FD%2BOXtci7%2B9mESLMy8NH%2B6UPNlqA6BjxrzFFvR3Qw7aVhQEIp4gWBhF1u4OO6N8ySyI9EY7DeQzjaxyCxDJrG6tLKR0HoYmJ%2BMge%2BDnDzkwNjIikDoghV2rs9FbhGprM8awS8Gd%2BHWkOyZU2NWmoUg1PqatvDqc
基层减负如何防止新形式主义,基层减负如何防止新形式主义,基层减负如何防止新形式主义,/l?e=a460HzbikkRMG8pJORXu9K%2BGvoBUviqJBG2mvkfrrH27kcZXl8MoVwrCibw%2F3cNQrOKA7XfZaZEsav7IFmhL3VkBIniVMESsUYpDGkQ6lWsDAGjT3atDKyD0PQ7q3SlJGb2Wf%2FFbGcLQ5lzOW9VXjBpk6PBZWQp579jDAA%2BHrh2kZRg1Lbkb4gtz9gzejHKxiZYv0ziiKmMau6Mv5zwf2zbsB1LRTBFuoHZPbgq73jR58JfTeAyzcx%2BiNITQc6cGF%2FZXaEMSmdDRdZZBPzxe%2B0isE3mis%2Bu0Iz9AP51m3TbxPJHdfiZvbG%2BnNKYZNYPFFY75FmdJfYwoajC76sGDUc%2B1w%2FS99khtsc32P1DEBx%2BzFMh9YNNGNcThYMSCtKhWV4DFsic7rfs
李一桐 30多岁正是不想谈恋爱的年纪,李一桐 30多岁正是不想谈恋爱的年纪,李一桐 30多岁正是不想谈恋爱的年纪,/l?e=0eb47VmipJvJZcuwzv5bI0jkVoqmnsbn7Aq5kmUZJgrk8Xu7Rqv7PNluX08xwDydz5U1vH9g6SgRiG6R7srgtGvgQisrjqcsX9I37%2BK5or6%2FrB7%2BbZD9f9i0KRTljRm3VAi%2BhB3q6%2FPLp26vZBVmY3agfoqM3wiwdDKA3NC85JwFQ9%2BMiTm6qr3TmW7YCZg9DRECOu11yNYERd7kuhFYdepNtM7wvXZXJDwkbhPqddHn8ZCKz6JIYc9Nmu2XIn0ftLSrsNR9vj0Oc1F58LEaI4m46p9gZESrzPM0GuPJ5Yc6%2BHJuBSki9aGVzp5Ud%2FyD%2FTf5lL9Csydm06SHKD1sPVh5cBGos1W9DyatXky3sy6a2aK1YwhRECzaam6TIeWTMp289ced8bzKrHWgjAILEcknC27GZYs6jXGoA0DBs5PXwFr5FjuLR5uayw
男子突然高烧确诊艾滋后崩溃痛哭,男子突然高烧确诊艾滋后崩溃痛哭,男子突然高烧确诊艾滋后崩溃痛哭,/l?e=9a08T5yMNdKxSrz6dtkm8%2BqhrqIzAS9rqv0U76TEalH2GF52no%2FNjLA99bE%2B2HUQtqfk3PxNxjOMBSnq8FYk5SZ%2BWnRCbQR2eGDivqUHQEdhBZCOOJo%2F5%2BdUy58LX%2FBUBqBsifT2Lquggw6j3yG%2Fhsdm375z04wvPcYQdTSD6cXiJY2e1SpxfDORsJG1GRkK5wSQ87iZK8B2BffIgZ8wYPYWAg8iFe9FvCn9zP%2BpttT7z7qGeiM0q1OHfQxh5xNlc77P8GagLwNLVDl5zjDH3BtFceEtG%2BYPa9Kkj7YtFV%2BSJmzz0sHLi1zuoOSsK0dubgEf4vHFOBR7wplcFEqwEg3zCBXIi0KQlzh%2B9ot0RAm4s5BXeiBwdgV94opjxjDg9iZum%2B487QIrdd%2FI3%2FRf2R8zvsrQgTD4OK7baWl88ZRS5AsTiYs
孙颖莎说我有一个令人自豪的身份,孙颖莎说我有一个令人自豪的身份,孙颖莎说我有一个令人自豪的身份,/l?e=43f59%2FbiOxNmRyBwniLhSVZIeUzqDEetUeKa8CZEGl%2FTerXqfI7UnBuFes%2Ff5T9YG%2BMfE96FqvrX%2B%2FXlN3xM%2BBrOy4RqrV79AMx2nKBHz5Ugt30psMjPZj5guG13360A6Wjd8x2u3%2BHIBrGu3Z6mKvqW4sVFNrLvtMeb6Eo1Bm6r9%2BiT3QAw9JwGsHzWEpFeSys7nIOFO6anawFu45xaIMT8QBpPfD1hr%2BKqZAjLPyL4e9uVGBr4rqOa4NIXDj1EbZCXynZSAgD0TeScHNodCsEgIQqZGuasGmkSL%2FyWyzhtAFv76lfkZLdOeVQ2%2Fm4udEHOcy2YKUT7Pd%2FK41WNxc%2BZDpmrQaVj4hSzEvTt0AJNJgpDn6zNm2buopKZ22qqbV9QvFqaxgvOmQGeco2qI2tT2CBu06GOBXpQ7FsPL7OdWqvd%2FYo
阴阳师,阴阳师,阴阳师,/l?e=a143TY1dMY85R2VgFC8UWi5jgoyhFeGUXbNzgllyN3Hp9ogSDWSU0rGeVpJALn8Yxyfa59NDd5p6MIDVy%2FODFbw69gCyz51a1GNg%2Bu3XQPeOT33OEH4ctSeM5KXDtClwAJ4Ira164FQLqo1MMyCa%2BbMbj3rzGhc2SgO9Fh6MqExpSiG58t%2FtmdKM1cW8xtRhwVg
957谈LPL解说考核,957谈LPL解说考核,957谈LPL解说考核,/l?e=ab5fG%2BKxC1L5%2F13Y9sf31FXpXFq2FWt8nTqy%2FyHpGCt6O0BBdbMXcsWTHP9hcHs%2B5pXZJovBFynW3TxfNHyDxSPYECyvRZvyhupxYrEPNOqzl4ztoM7BPWqVZBmFYNhlEci3Q98zFZlfodx73y6cLSkStkU%2FyXEDdO0wyW2TBDikaGAbRGRu0%2BZO42JfSghA%2BdE0m61nE57CHZpHLW7y8fWea%2FFjKAwmcHzz1q7R0p5OyfLSZ6s
女生一觉醒来发现自己成素描考题,女生一觉醒来发现自己成素描考题,女生一觉醒来发现自己成素描考题,/l?e=3f7fyNLJb3SMy5yv%2FBddDiHWTLxtLQNX3uDHhnfxYYkW9PaaXApgskhlgZGhX9svnWfTcPyWWj3NTSW23%2FsZbZ7zbEjjiNYM9Wme2T6Y9hWfMPOkVqwW8%2FKPG5m%2F97Jk%2Fxs9wyvjfhsIE6Ig%2FpxfIFqfIXQMJBLuRTKW7QE9dhx3ljr%2BqMZlMqByUYw4aZuukwQqUPdQnWQVNUppsLOKeKBZASSyceAK8WAAZYw%2FGFE%2FoOiF2sRn%2FnFvkIt606DVyJ%2B9DhMYWmhkmO7%2F8xoD20SOgLSX2vTNeyPG8qVy2So%2B3FQ4gzSvgUOuoIlZcBiZ%2FpmllUtQ%2BlLYvp2qdwTjCNo7GVJHxkBn4ulamToKlxZMkOChiE4CXqaM9tpXIK%2FWdQypcPv%2BK0IKZTbwuIThC21zun5UWoraURRhhh%2BEQARm7kCPGXw
北大父亲为60分儿子崩溃怒刷心理学,北大父亲为60分儿子崩溃怒刷心理学,北大父亲为60分儿子崩溃怒刷心理学,/l?e=7efb7SnnOrgoov1HVhZaTky5A%2Bqtxox8%2Fwd0tqoQbuBDaMakAKsoWBdB329vd%2Fo%2Fze5rP2Rq5Y9Y9AARdq27RdRhV5m%2BkT1n8ha1cN6i%2Bekz3U%2FHxafn4A47CYfwEzf%2FC4zQC%2FxhGpGu9T1fG9BMBVps49arI9bcPUj42jFxLOUhswOOwI%2BZOxiRzRQVo%2FJwRkia5GBO8vPl6nZ1glZle3UhOL%2BCrsAhWUR9xfOKgOcXecbreLPC6FW5WvM0S8JepUBSt4502Q6AeRUtx59GnjLJWZeDtu4q0FtUaNi726MuAnMiMscacexm3c1A7ewDaRatyJAq1pbwhomlWPf1VdblVfbe1%2FG8Y7vQjUQ%2F%2Bm2xPY4DEonobGsUxzfm3i2cY6Go18bjgL00Bfkr7UkfIunfKIsamp5S%2FjWOLz3cAM%2FBF1j6l9uvHw
于正官宣吉天照女主,于正官宣吉天照女主,于正官宣吉天照女主,/l?e=3a730Wbq4DhkGohYwKvlHMYQFgKCwzH5ZEKnU0kUWAnHbdfKW7yzMfpRT87yUg%2FqCZBy1NBcTokxDda9kLJwd1AUhqV5WJM5jr5es%2BzZAPUqCyvOVm1G3m0FaMM9ZNvUP6MYiGfPAmfQSzVcpaRa%2BzmOJvfJbkW4oslWJ5JwdJ5Rd0Mfhw8BxXAEoDwUmGvQR7XiOQ%2FXxtsWWQRXWCXvLCNLahefZ4pePoaYT6D%2B7z55p%2B6FhQnj6jp7EBT9i6cFXYZLd0ArpyPHYO6mVI8aUsDnGC2PH5ZOt%2BTlWSaG2P7QViiqUGszigkrYf8
王一博系扣子vs不系扣子,王一博系扣子vs不系扣子,王一博系扣子vs不系扣子,/l?e=2da4wm9E6GpKm5kmlLtm9gz7eSHwHBI0g2EykImx%2FJ2r8g046cWi3jbifmgU1ywULX4AwBAn7kjFOZE3h8ALDNIE8njm0UxnoBVuUBiHPb4aGDSiRxx7%2BMiiGKCSV4XufzbhnUcoW3CyNGlOsmZzHdscgMcc%2F94FdLBtFf9M%2FTqnGIFCc9zdlkZXhETrqjwjOP8r%2BCKl69FQcBsfWUY4cP00e7KPAqFfMPsdrnXp3HcDoUo0fH9tIgR88yC7l4asMuhSoGCjqD7EsoDP9Quq9AgiphzPB1%2FCZXIwtob3ICJyn25rXW%2Bb1hRSWzspnVffdKGS%2BmmaZI6WpwONzw
女童被生父及女友虐待致死案将宣判,女童被生父及女友虐待致死案将宣判,女童被生父及女友虐待致死案将宣判,/l?e=4d0d8rxFKsGicKwU8jyBXkcMkzAUwqFohHo9bt8EFhkUy2THLvI0ddKp2ZDwmtoGtRcVvpylqmYbUFnFt3C46T%2BXxdLmsfdOergR4Qe6jBysTcOQPzsz6hDkx918I7AQw%2BqSFTmGsJ84S8FVF%2B2S7wthS8Z7dL1MsN4plym7cqi8vGLAAX5ebz82R1QnCFcJhcK48mYfCRK3lxNJNUHFvDUwPao2PLCFxFidlLNRA7yYDd8vHUiSOrTU1XoEMKfifFrgeYREPFBqq5G2wb2RGV1NkUlmcpriGUpkBoiddJ2EZ2psyerKbZLa9b0%2FHbA7eljHS%2FqIfbfYDkuAJi642m2UEtpbvBJBr%2FhivyHjEzoKoibesjQhtCn4l9o8EOGupiSt3HwmDt3AtyVQkapunXxZOabNIZryp5%2BAw69bGvl2XD7nkn3d95%2BaoTeYeKpsvj5VrOU
跨年晚会的神级现场,跨年晚会的神级现场,跨年晚会的神级现场,/l?e=b9161Ayjk2smT3WmNTa4yWuWy9qvhVfBut2%2FVI6a4d61ANjAo8sWonvUIhaaOOdVyZsO%2B4kbsX2zmIhQ7oIBvg6SplB%2FsOKqUn7HewA8xKcWFqTpU%2FYfrWgRaEmhS1y%2BUJUqdsyEcAubnFmmGATFw4totIf8qx9UOLXeoyaSAEcZLp6RnDwMQPxfdxBsatM4aQODOb6epVdB%2BmaJvp2vEDprmTXph1jqnplHlv1qo%2BM2%2FEaHWwzj4n2H3GOuA5hTbkbqdwb5rN1rVY1fSi3WB3wvpVXd%2BDj5DUaJ8UMWfAmi%2BMPlcXiEpz00mns
熊猫中心回应福宝已收回内圈,熊猫中心回应福宝已收回内圈,熊猫中心回应福宝已收回内圈,/l?e=c4a6VTKCFw2PH751gjrPKOl38nY5LeOMqt6SBwp8Moplv%2FF9U%2FJS26GwIL9ebTijW5gwRHPLhqr%2Flxwl7Q86vjHFIafx0vX%2FPmv8TBE0cJ1l9kco1lxMfG7fqIW4v4wdXcrYQxL6gbveFEqVhrTNplB34j%2FgvqM%2FclqBzPXjI8WQmKUF0mesV8w10WG4yG77YqgNKHf9HVVEb4fHUBDMbMzrTSVPVg1YCQCWQc%2FAdWo7Plli9pO6FpAf%2FZeMvD6UXlbwNoCJGEfyS8IYAXPYJv5OqPtgrXK2P9536gwHCVbS3ZqJNwu5sGxDnAkJlW1NeMu%2B6LCVqLbsuVFeAxrJyrlVF8fyJdDFZhZgtV%2FzV3oopBdTQC1XxpLm9lD7xEsKPRP%2BRj%2Fa7Kg
福宝将进行全面检查,福宝将进行全面检查,福宝将进行全面检查,/l?e=17e2WWjgCRbgaR2eb%2BZV0bWZk%2B1DN7Y6yzY4CXBG9Z7QCW0dOO%2Blzp4r%2F52mkehSLiWulYHejRUMJCxydfQw3Cw%2Ff%2F3CpsmOm%2F8%2FIgGqH1q5n%2FFi%2BomjZYkvn2lvWeWm7%2FvV7AVkye0OqCEyS3pf1lWnPSFSoT5aPFOfkgs%2BIV1rVYYXgChq6UmEHnGyQKNL%2FTrCvOxLsn2W6iL0IU1ul%2FvQFXKpLcDsECFaRXe8k9YFDaGp5Br4AQJxSp%2FOCGZOSZ6zTlcfpCGtiq4cENwhQJLWjlzakwb3Dz7AdO12HIOcwpSIxkmB9JHPl7w
福岛近海海水样本运抵中国,福岛近海海水样本运抵中国,福岛近海海水样本运抵中国,/l?e=4ac3fluJt9VgiZw4Fr28mxbZcKtZ%2F3e0OjH4eoNLOh5ei%2F%2BtGj41JLIffscdvKK%2BvXIVK5EI7R7vkh5jP3ea%2FvieH80QBjN7YOd3LM3jqseucov3tRRf7NMdBwwSXKdsPtIO4adEs4GhXvlRXm5TPeKkpp8UiDoCQDS7iFhnH7oASH3MZWZUgJKl09CdiHSA74K7KV8OM2x0jcztsxjJ4KYiRGbpkUt2VlKEslIzSKpkZrLBjiiSp5eghBpdSf0ahHkvagzBz4aqv7VPQRiNo%2BAtuFvkmKZ2HZnOTb3TLsmyP7nS8ovGRHi47Dn5EYS9bLGBPJCVAK6ZP%2BDjNuESbXMp7d1l47njWMYDpg6wLitMfyoWgLBrlek
德国大众汽车工人罢工,德国大众汽车工人罢工,德国大众汽车工人罢工,/l?e=84cdgji0XWheYw8x5RW0cRWHdoG6%2BZjPX608XKRsm7F2EuuLiCYBKnyYHzdrhjtHKjOPHqNhv89i8OshGn0AMn%2BLnBKEA7vtdBICY6XnkE%2F%2BbeQft9i9lAFxZ%2BC7TSp0IODlCOnzPMIZCskQDnXquEGbq6N5BCXCn%2FTiUtP6NEKWERlEZ%2BXpBcFjnl76iAzoawSavpHEdbjX41g1MTedvLEtWLHID3GF0%2BqEjtvoPvWQtrFO2%2FxtgYUr%2FbfEXpqYTFyM5X64CSo5oFfFaCNsHPTZo9jIpI83aHWMe7t3LwBOYVRM13UJEpLfPHwJQ22rtlEH9HBjNMc%2B1%2Bw
美媒称特朗普建议加拿大成美第51州,美媒称特朗普建议加拿大成美第51州,美媒称特朗普建议加拿大成美第51州,/l?e=576czdB%2BytxRxoSdj98Aj4kYgwle25JOQOCKUIGkaoEUTFHDb4TTqmMlyxLDeCbAyF1oHe4g3tg%2FFMDKHDEKwQLxK5lidYTqP2M4HsGGycDsuKixdGx8Lq%2BBWjYSK8Aofj7X97yrqXz0e4NKVVvy6U5z48u4wr6g9zRoJ5%2B3Y5JfOs%2FhInZ%2BM4Z2qnpyl998ykZRECJSMdr1nZ5R2deKcPbyH%2BDtlm1jXMC4qN0UrZozg5f5Lj6NhwAi3QD6qV95czokKR0i7JfboSzlCPUznn3YQNI0mOjZ6ip0W8iwSHMMj5JvqXKncvYKP058%2B4bpJUnV%2BSuKJ4tZBCsLUq06hCfwzkI5f%2F1NUse5J6MJB4OS4mJ1CMBOWwjv%2BmJhsmXvGtTkUFYje6w%2BXgChQS0t9LI4PtIT6h8lFX4MufXovrtOHE9Fiyr5nA
56.9%的大学生不想谈恋爱,56.9%的大学生不想谈恋爱,56.9%的大学生不想谈恋爱,/l?e=e843VE%2FaDxd7vh23z6MeOQ8153kLejJst92zpyTQmv8UGS9R%2Fa9JVqzBYEqh2ZmH%2FzeYrHStyHX7frlw0G5IMYW3hEwQnGt06J9l5HTfsXDEUHqcognLw1X9o0BcgNWR0wJP6UuQXIsFgM91%2BfDH9qAYI2qkEWokbNMfEPATFMxUTVDcp5m3tjr4v2G76pi0iirYs1D0zujP86HQVVUmr6rIE%2FAalrUoUeTGXCNrwRDFhcJT2dWy2KF7%2FRbKc4d3TWvZLToYySgwQSDB%2FnN7%2BOOtCQGMFB6zFR9keOHZV6TfyM2KSihDDK6qhdeJYDR%2BK04DMqU
花少颁奖,花少颁奖,花少颁奖,/l?e=75ceSIdN2FRlQnBfLrGuwfZ20Q7%2FopUXk0giPj%2FLzLdEFju5iOFdkaG2%2BEPoQSm4JYAbe%2FRY0dfBufpfCu8bCQx9lBdanXDV790%2BmHjkXfKF5MQPfwIcPMwnA4a2nsJ1f3xYlz6UpIS4aY4mNQ22DAfPjwveQ1elKrxCbsA22t1ltgPl27D8SrET5EI%2BQ9ZyIVFaSJTWWz9F%2BmKXmid7TTI
张钧甯对角色的理解角度,张钧甯对角色的理解角度,张钧甯对角色的理解角度,/l?e=ac0bNExiiA17FBIo9Ryx9yzf5uOGZoVgw6zH99l1mZvj8OBSMpYnk2cU%2F4VlH4tN9pUUIS3K2wz%2BaHYrtJm9PWVbQLgTmIzD35lOewFLNyoKujwFx1Cgn89TAq2wwNqFSUJati9t0jiLG5Lr5WffH0aH7KFgFTRshRBFW1R5YbQzx%2Fk93v0mCsIHnEhD1UC9GjwujQ6gczymJ%2BUcDNsqihgM2gI%2Fs%2BifXWO3v1nB67ukvJB%2FelnwKp9WjdM893Jvbc9ROF6U68vXHfMiZW%2FijKKVY39bnIpRHJSdY%2FVb1IVBoen71QqMpE%2BFmbBmIhZ9A1GsufKDGrM3DTA00BTTbfgQ7VFXV%2BG%2FU7k
丁禹兮说韩语,丁禹兮说韩语,丁禹兮说韩语,/l?e=a86fldjizwXBqd%2FPBLaxVjI4w1kg5JRBP52AHDppgiFrRjfflFBT7o6ozP4Q3gYeLIUnP0P8L1oQSHNjwE%2FpOnRsZ0RUr%2BLJWXxzYw%2F7LuFn7yS3Mc5EP10%2FNjMnSL3sU0RDqs6Juty1rv%2FoDOKX%2FnY%2BKn9tXNNXcALaKQH%2BmgpsrHnPb0YZNzE8zJ5Knh9aPRUNWYEhvpeldA9W4ZPbSxz3UngJjOClIScCpQ%2FgdJTBrbuZ7Ei0JwQkxwfAMiY
烤匠代言人全靠野生,烤匠代言人全靠野生,烤匠代言人全靠野生,/l?e=dc7fWlBxsI0zgc93kLkQDQtZ%2Fn79EqbFkrvR57ITAhsWgZa%2BzcsZQLOCFzur9fvMHB2F5yp32gOiPWjBN%2Fq27KKMaSYwL%2BjuMA9CsoAwphPJZS903ebg4DRTaNNyffzvxCbUHt2oaxxMw0tMUQTZ%2Fhsr98NgdjNolLdBixXQpXFA717%2Fj3DglXXUd5DJxdiTD2JYw3ts0lzTNO6EPO6jx65j2obp9SOGpSCAJQX5QpW3MJn9R0LHUO5VZLZEjAen1dP1SpbjyCQqSehLJ30vGamKGGDYYG3ancn1Ur7hbInyidwbkpxDp2JxljQ
建议谈恋爱约会别吃烤肉,建议谈恋爱约会别吃烤肉,建议谈恋爱约会别吃烤肉,/l?e=7a30%2F%2FRvoSZM3pFakYbtA4cJbcWA7JNcibDXuJbJN2LsgoiyU%2BKLKKf2gbLT9snhySR4WlImcPFlONxskzfDPybrChVzfmNCKTpVVT%2F1Cw64dIn0DKScVaYqmCRTu98AxfUPJs3XztQLVFrdZagrWR6dYr17dMfesA%2Bcy4zSY3hSgB3NLBS8OeSB4Fb5O6aj5fmba4H0cwNdhxYZNEIBxp2aYszewM3fbiJ8PVVMpa9bHEtB8C%2FnICqBKL0C2fW2lM4OYyG3aduNISFPS0oqdC8xgJQ0EK7CV%2F1LkZraMX66Zyjo4md6%2FaQq7P7mGdbYo99rinS0vsPytwk1uG1fRHmfcYgDVNGbpb8
广东人快脱水成番薯干了,广东人快脱水成番薯干了,广东人快脱水成番薯干了,/l?e=7221Rd3Wb6aY9Yq7U7Uq96%2FQySDq%2B0M63nq%2FllflHbgI5vRBJ1WTo5PaMUBA9c09aOEeui1SK9gpEl1vJkJlqEJx9JDVnXi19iknmiMYRNCM4%2FUbo3XjO%2B4yZpWfQ1WjINrVisZd3qtR3l9oQUInxF%2BuA7judpVjHg%2FceIa0edYuIA3Gzr9cSsWFlGAFLu2O%2Bm1aw0KeXLRJu322G3TZpu%2B7J4tvF%2FR98Mdea%2FW3rBYsupFhJb%2BN2ZA8%2FZhyRry5kJh79QRyJDm8Zf9Th6Vq%2BlSOqcgAtxvLvn68yxd3e10E0%2F%2BVzmvV%2FQ5fktg7gQYgTIofUdiJsju%2BZbYuQr0LaUyR6d%2FLpwGEVsE
A股葫芦娃,A股葫芦娃,A股葫芦娃,/l?e=cd951WzD2ztZ7j%2FuXDmkEolqc7aOlLkRVrvXVe7v1MdcIoWSvVLTeqG%2FXH%2BaakSqpTVq4eqeOj8mqt6%2BsDQ%2F6nP9iqFKmVzNWmXoVmNmRt3NuRUug5%2BXTgdNF1%2Bka0kWRWNXxkMbwQ9jB%2BT%2Fx1no1Aosbic1ABw1fA8dctUJmKs6uVnTMSSjnv9mnAO2aCLd1QwzsylheBcAV6QjiRHuAB10
埃文凯尔称中国需要亲自去体验,埃文凯尔称中国需要亲自去体验,埃文凯尔称中国需要亲自去体验,/l?e=304cVkQIwd1yfswWHvEz42B28ijYeHp42H54VF%2B0U6OhQ%2Fg2PZoaBcbZBPcLdbgDiXaACMjqHnoCUjDHz6LiC5rELUgcWOsJTVYxsfTSXe8pKGOLgG9ilYu1cwmbBmT1HMnqE0N4JPRavB0gpwK7cJYjlD8R6Gc%2Bdib2PbhzGCaxwsYRzVTxF1BZVFwnFz%2FpWfqPrVu%2FD%2BJpIuvQlTDDVfccbZBZW1AgoiBDEFc%2FXWlVUSum070YnT%2FjSiwM%2FoD%2B%2Bx4m0GkBCixSg%2FapqaXABlT6tLwJTPvrOO%2FITA2HO2sUMzjn4IQpR10OW1E6We4b5KOfoHwL3UAx4V%2BOuB8pfHf3sFKLRrNTkbgcBqJUgMneZQEr1%2Bn01C9ufqq0sMV8axXP1MQdqdFWfv07Z4KDUrODMm8hzPU
黄子佼被判有期徒刑8个月,黄子佼被判有期徒刑8个月,黄子佼被判有期徒刑8个月,/l?e=8116KP9%2F1d15ejJWanEZVlLUpP1uP8XbAjWq37OKTr8lw%2Fzri7S1D5A%2BybBYX6vID1d5E9JUnEeZVrrr6nAF8fD8t41OgWxkOp48DM5M6rUdqw9LYYApEgk1%2FHI8%2Biih3tujCgr4ez1zkF4Nxz4d3Qmyd19eWrC6iC7%2BeF62BrXX7X2FVLmVFVgvt5uwCQbwNgoEmFevixuHDVIVePYOUld31jZ5EH3bTUUED5Hv5wqTLQA4Tixa4S22nWU1AaxMQ6izB3WgYQufN6qpOGjlKRJS0b8uUKMSFVGzEoLI%2BrglJhkJIgjrmDEVtkoT9fWo8nc%2FAL%2BBQt0MeCk2N34O1c9NcmAKGK%2BDqXgX
律师谈工资被折换成购物卡,律师谈工资被折换成购物卡,律师谈工资被折换成购物卡,/l?e=c25afHuiM6Kg5K3LCR0DHxhRUeyIAZfTcEv466hagizLk2kuRNX4mDNPfKJKsopI8akcp58Y4wO8bdWjMCJ2D9r6A%2Fs%2F5V4VSV4yMhwBZs6VCahEvyhu3q43iW1vN7GaYfpExbt%2BRtwvvequp9%2BFJqW4Y4DThyVf3%2FuWM1gfnwlU1Cgs%2BFrZ0PZYMkMCz33nni73wCQbOvKw%2FLF3AD6LiZtaJxsE%2BTi40gRN4t3H1en3MQjn2O57KH9SZxjkNVrXo5JfxzXCtbuC0tAIPI4vYmDLm5EyD8VXJ3PK7vD6MDSOQ3FogfD1fdzTLBioJr55siT4b09pCWDhKMF75iRlFgM4lQHigo9DwcNEXA4ZXw5hqmVKq5YR2a8
女兵服役12年退伍向张桂梅报到,女兵服役12年退伍向张桂梅报到,女兵服役12年退伍向张桂梅报到,/l?e=3e71uDdF9MA%2BKfwidGEwPXmzq8gHcDKSywJvV9AMXGI1CLFgKJ1iEufMcwP8jJkTXD4qAFHq8nPqXzCUBRUE7qxTfmiJzk2I%2B%2BFjGZCnbNdxmDHbQlycHqlpTpYzJgp%2FntXYIuNX3Q6mO9pjYy3ASIDOA5js8S402msk43S0mDd15%2BLt%2FcZu32KX6BdBanWNCR5%2BwMxjxTEtHQ%2FrET730rHAgebIUL%2FWxcAiojxOcOBPz%2BbiTM6rkhNlh8AbSlQ74pYrLbt%2F7OKSnRVUgY5u9fYXhAxrBJ4rV6FaJGZD1JQZcpirvjQPL1qEqADSOSUVfFAN7EU5Nno0rPV6wiWw9l4HpUu2yeuxncQ9bfE7RqWcP7dSni5ckNuIGT1v1Tx9mskoH4ugNEWznw
董事长套现9亿后反劝投资者耐心一点,董事长套现9亿后反劝投资者耐心一点,董事长套现9亿后反劝投资者耐心一点,/l?e=56157j3r1guHXhc8yvd1FKJsH9O3K9qCijymDeKPwf9cC5nKRN69mc5hsVXzgumxtXW6WptKppMeu5pfgJga%2Fih6tJmg9fxOxNGnvDu29Wy%2FQiulFB%2BNaHiBVBqbqW8W2xwWRpotWuMjbaJ6mQZ5s7j6znfZsrQISfPBATKuv8G2BOo0l0RkxzywMj14YQvTTrdG3JCGQArbg%2BzYx6DSFb72j6lcKOIgxaYeKdcRFmRpOUY%2FexeLh9Hu%2BRIbJEkWWymqWF%2FkvcR6djPNpIeyI3MgDTq74W%2FQE574A95cOpMfD9jvMoms%2FZV7kGBmAnDM1GSf%2FA%2F73Tsuv1PIibOhGz5Crhf1N106fHkWhkTOAtd5o1wLh6jR43M12RCQ4igXbXaX613pnYAcm4JqBE9SrHEFKQCyElgvkwISuuNHqStOOsK3FWBqiwnUgikoR1NZPFICMTIe
工资被折换购物卡还限额使用,工资被折换购物卡还限额使用,工资被折换购物卡还限额使用,/l?e=7ee0G6Tzsf1xZZIKq0li%2BZdXqbnjQ0om5Wbo46vB1zj3gd4a9d3Y6VQOdu45mTFtS8trcUdjH0qwIfluZlwJFkUZNo13dCw%2B98swtNWNP1uBGZ93VYnejbIRJ2dGybGzbBX2yNMd8QiTBhklDb1FihaAJIUNF8OiHOuwK7wbSqzlX0C1lcEFu4T4WVi2XoHIO32Y0P0Hsh7xsLqOE7%2FNks2e2ivyAHW4efgUeC72Bbxy9aAwcTCrlufe7EEacKq7Vu30lmYx1EjNv2qiQCzAKnQDuFZF9C4%2FXB8zwxN63zaxQtzKn4hRV46gMY0d2EQOkxQAy84xsb4OmjZF6Hy8zCKAwkoKBsNrBzra2vWvo9nu8Si%2FKHpvTxNMQad4LbsjfFzWJiHRI08
读懂中国需读懂进一步全面深化改革,读懂中国需读懂进一步全面深化改革,读懂中国需读懂进一步全面深化改革,/l?e=f833Z4fuxpM4FY6Cwdx9y8THD9cnSNCgQ7q2n8hp4nDfs4XdJsmeOX1Z3GW9jwI6UYCWraF9WAae4Rb%2BbhVzm05Er159Y1%2F0kUKopMBHmeXU%2F8aA37Qyf3S0PpJ8ie84jJNlVc0WU5eBguTgtWUOVhtrzRdPc5JEoIiS1rTYshbpaZkNL3KQKJQWjXAXiAztzUptwqPG8IVolb4gxv%2FWqBKZaS7wyoS8dIxuJZh55%2FANigHvvg6oHW7o4Lo1e8EH%2BixV2lABPhDAp8BeNrhL4OFA0FtQsFepNEckPIcUluGQz21cMgS1a2DmkW%2BVRX0E%2F8It10VC9eQ9rwmW8TLy9WuIOEQfyWagzxI1IsooFCcq0lhI2LWGMck4fEie1BSWYkApElYvY4l35K%2Fo33pXr8eNZzZ2L%2BU3qXrU57yMJ1xkEstw1NN6Da9NWpjD0bObKlp4CwM
禁止两用物项对美国军事用户出口,禁止两用物项对美国军事用户出口,禁止两用物项对美国军事用户出口,/l?e=d85fPTKl6eiyM5EtQS8CjfIzFdsZP8LvDLHzLblD4JfHchaRzrB6DKu8J55iQtWTy9ImOhuVMb3753n%2FKTgFhHSgs8yHAiadF8mz6dWBOJgiwF5YiGMms7O%2BE%2Fedrh0Gq3olN6Fsl0j3IgTctsRDvsPuV2z14pdCvpCP77AmqJ5JI2SDGJrsr%2BKZUckeNFH7LfstanSCL3fFs3D6v0i0XQ6pMgqUuhG%2BQXfEyu%2FTH8w7S4QI9Txmm2sll9DvHj2D11XsdA4qFrpEX%2BJ5ESU2Zr2eNXJhykLZEtftaiSpQ3GV0CuhsE13yqJb70tvOLYfSpRD4ormIgDcfmuV6TBKWEIWBz8YFOvJE62aG04AzDTXIjTj89DklVYRttnvvrdDtHpYPWP5WS9zOM%2F5LwFz8J0YZnJ8arXmMe9rp%2B8zh3iaG3QmRNs
多人趴地上迎接领导教培机构拟注销,多人趴地上迎接领导教培机构拟注销,多人趴地上迎接领导教培机构拟注销,/l?e=359c6xr%2Fzoote0%2FMbWdhFyFZQa8%2FD5kq0RCPfukcB7ECKNGporuiBd%2F37Hp2xkXNyU4RSkatw5f55JkQ5MNnnR%2BrerwUj7sxAQvZg445K0BWow3yOrw7ZmGeX8CXYv3l%2Fj2J9ymM8OTjiKLhmAoCuScqE%2B4LxVBTSmPwaMZiocG0%2BOFth%2BkINi67p820YTXhlAhcMR1BxbXouQCsCsmxQNGYGD4MLy1tQ3q1zWM%2BK0VbXKwzLj%2BnA1BpiPaAjL6cZJa7SW7%2BeTM21vAuIW3o%2FaB1lI9U6sy%2BkxXBfaDOmAzlM4QfpzWVnQcUFkDzvofKNqfxuteeAtJWu24%2BfWYkxw4f0KVJTm2u3Lnr3v6KSIBmMl8R2ZDDvQWiOC4XMkM4g2om%2FpNPqtcwvL342JMIhO1yNFuceSgvST26JwHQy7zdwB%2BcUsw94zU74%2FyupxuTuEe4KDE
陆定昊道歉信,陆定昊道歉信,陆定昊道歉信,/l?e=bc8fX0KmGdvzFCfRXiqnHDShAP4R7sAc0QZrVNUvg8bZAYHmaDNjzmOwo24XAIG67wM0KQHAfdnuK1Zjff2%2BWAv7sVzPmwtHVKZ3nHPrQ4N64yAWwhVtRKfgbdYLZ6SOQDXuXKUXkwdZdz8jFynSn9c%2F%2FFsbUsngbPifRvfvyb0wgD6WXwfLmTx%2FYvYxK1qfJ%2FHAhUQ5cY5bU8ShbcnpzpCIWac%2BzLT9mbbBuBwaTMEsOkyc8WzFpQSBZYshYlM
福岛近海海水样本运抵中国,福岛近海海水样本运抵中国,福岛近海海水样本运抵中国,/l?e=e651OzqUpBXYkQZMkjUWOyWev6vi%2FcNHd%2BoDWuo5uaXkcMX8BabxPzCL2eLVXIDDd3i0G7DQEiPdukWN0rD%2FA%2F%2FbnKEPSWvM8Wfo0e9rUY3lH4u6CRIe1KgXqKHodZdyUoCjCsUjB%2BTuDqUa%2BwbmBFzkUUnoPwO97pZU5gC6M7ErHPMQ1g1Fp1CrUdQPRzy07ehKQ33pia8qBY1tfSfNGiWS%2FpfSv48WARr7%2FomCK9%2B1KmYcbgH2X7JU%2FRqjxRfOZy5x2FtvRJueIeGBE3rs8mD7B5luUe1kkwHCCiPyiaDZxKpSoaco0j8srsc%2FvzKZXQ43fj4H90rHV2npfPnRO%2Bi6scY4C482oSzGKXzQ%2BV%2Bk6QktRJPAtco
花少颁奖,花少颁奖,花少颁奖,/l?e=adf1iT4V8IIm0e2aAkGaH%2BiVRjyLeOxi0wnpd9dFWB0MWzSU4M6s445YTZvBXhv%2BjsuEcfgfEbpRl9p7%2BImX%2Fs%2FOYiO6oqKNHIweHCOho6WJmxuOIo6YzqACs8lK%2F0Qhl9DjoS%2B4NgIrYqFlCcoj5%2FMi5rvUbHDYDwHtFwJY7t6DW1CipAT8GrWQed1CIhu3G9sAgFGZbMsMTDNVTq8FAhk
丁禹兮说韩语,丁禹兮说韩语,丁禹兮说韩语,/l?e=758fgg3BpQWaYnGqxYssU7pB0CKhFhjHuL18DEEzm8rE6LNlVI5Rd5xu8vdyD10C1lAmSFebkkBIXM7fk5uPyYJ8ohJmREFqa5Dt9M%2Fy0X%2BZyCR%2F1PoRAhsuQj5JBtCtffORXrylwi3xnVuzB0hh5cMsaqXSC%2FhNL9AChG1PjENseez8MLW4NororelU%2FRZE493k6%2F%2BfS5HFZO5u1%2BkWhzaJ2956jSFgYgQ0opqBTeJFrJqfR3HdLUIfaCKVAO8
广东人快脱水成番薯干了,广东人快脱水成番薯干了,广东人快脱水成番薯干了,/l?e=4e9aQ0X3C1feDjgFgRQILAI8DpiAeKTjsViMwAY1KR0FMuQEynwz0u8K5aFzTwWypCArkS5aCTl3uISIUeCmRUgNvwiyeppXrthC%2BmqKYXivkuqVWAFh9G1lkLu8MzFqY%2FMWHwG9k3%2BHuNKhcNr4XPOC7I1CS0%2BWpU1lMwLc1z1quyHFxnabiYgt%2FCBnubCEW5t%2FmCFFcefjCfnir2T2FFe2eI7d9AcF%2BjHOxF%2Br7s0au621VUcpxfuQ6c8gv7kaaCQAGK4gf3v4zwBKN8jGlIne10Dvli%2ByQrY8lJKrnbl3TWY0e92jsUjZbYMVA2E8KuGsZvRFiy1XzFn5cOkweJA4P%2BKx56mgQWY
董事长套现9亿后反劝投资者耐心一点,董事长套现9亿后反劝投资者耐心一点,董事长套现9亿后反劝投资者耐心一点,/l?e=ffbag9YN8UxO%2FvLjdCyuwempSshZU%2BNt%2FsSzBVfqiDdQIX8kc02eL2roKpw2xGqN3WMq%2BvOcQgf8jRnD6ZiHnEaSYSK2KqdIUkEnvlmtwe%2BimU0wnx80cj36Mz4yF4JzhV1CsW8UhgIOmGP99VRqdwEx66BfswK%2BBWjjTBsQV8YDN58f7uiGWRmdKQPbKn8xquOcaQW7BJRl1U2HmKlksywQQfdTMsEfXVPE8z7%2Fx2ttYf6pgDe8pNP5XMLoRQbR%2BpJ8rWKG365jppWNUXca5r9mvO6%2FDvUYWKlADqlJ0mc9qdQJR592hH8qXpt2vDXaes2X0vigOdsepQd9SbL7vr4Yy6WIdm0lm8wojRu4r4uxZyTEcMsltUuIFpZ26WBl54mxeLf%2F3XOe4xpHBVIaTONOK1pCcxW1FzxQjuWwtlbCBbpM5ffi0Thbi0ZW7H39d%2FL2uXH8
女兵服役12年退伍向张桂梅报到,女兵服役12年退伍向张桂梅报到,女兵服役12年退伍向张桂梅报到,/l?e=9dd4KxEW0NUKwqiCGexZ82RZCcO2r6429Kehg%2B9xQE6QQD2Y8XbMgHXT1Fcb319qx8RCy23QrfgoQ16vD%2FTvCbnRw4hpZT1E3%2FF59HmrURnrCVP9WNv3UOYHOJTfGr8CnCJcLTiGVDSmyeIhbhL3HzQO1DJUST%2FChaQQERo5WhLMEHwbxQ2uYoyTXcb7%2BhO9GWbkkKc6esLwJyXn%2FXVCNilPtRXbwmOX6TC0HJL91%2F1Rt%2BQ579e7rw1VNgfuSPgUF6OYayxHAliFgLrlC5K7VZGQBL1kWs77VHM8TqDC9MT7YRXAvMgxxy4yb%2BNzF1ZrGEqPVJt7GZmsljTqsOg8oDizdo7cAiYdaFRSf10sjraEPUlhVw8Fha65k8YEcfKJnObq662U44Y2og
埃文凯尔称中国需要亲自去体验,埃文凯尔称中国需要亲自去体验,埃文凯尔称中国需要亲自去体验,/l?e=e820be2MN%2BWRljDO7%2BIy3ZbDBjkygrk%2FqigIa1ya61nBTALf%2FGe35O4HZxDlyuY96BTT2XpvPpL%2B7VxrVbur4eye5Kkaz5X4K9eFO%2Bnz%2FreJfnfX670u1F%2BWEFV1pTv6cRT6qg8LHJK33TohknA0vueeAL1ToQKrLVP3AB21CEIIrSU9uDzM14Iu2jubSNzhtz5OffgDRPY0aGI42v8P37ITU7rq1ZHi%2B7BHCg9jjUXgf6wQpjCvFSLHAhmyUbV2B5LDRnTNb0topuAj0b0a1A6K4J4owwN3umvuBr0JkzH8a%2F2Y5ws78R4utX%2Bxm01QvdvY6Bm5sFX8PMj0%2BQamaY07EqWpl2ePuCnUZCGviwIxA3Mv%2BBGNrlVXAyOn2l3cn7p18pW%2FqbjpOtnfQi7yxDx5GGZ0jm0
请多给残疾人朋友尊重和关爱,请多给残疾人朋友尊重和关爱,请多给残疾人朋友尊重和关爱,/l?e=0f826u9LPekWc6j1coYONq3uJJDgptuojwC2%2BWuerbfZk0AYmSyfzWgQswQ1FmBKGUrUsV5Hk60U41vIGT2WF4a4%2BbaXtrZgfjsXkJO78PC6l5kxlCyMI5Pn17c42zCq5WHXeOhI8o1dAc9KT1w5MHVZ197VqXhGNHMtztZSNAmaQxPNvsobDWvHyUnEoZwBGGBsr7VQDxvV7wZIkPgN1NlCP%2F%2Fx0vJe%2FCPcnffWpn7akpi8uDTTwQat5CwSFD5YUa%2FUIPhFiqmfDPN%2Fp489GKvtX9ZZ3mRNkF%2Fi4GnPPC9VL9eeRvZOiqdexVVSbBJIymroQcNxvOgTODLO7EkXsNC24GFyzxCxGRpBK7qVff4UwrhWHfq46Jmk2wDOu4OQQCnuZyqe%2BnM
竟然磕到100岁爷爷奶奶的糖,竟然磕到100岁爷爷奶奶的糖,竟然磕到100岁爷爷奶奶的糖,/l?e=09b36OctR%2FZzzYgFJZTCbiWFHqU%2Fj%2F%2Fn33cLEsJVn4MLa1vY09JBKm18FfidPb98uMQgPE8tFet4h6938wjDlJ9S4QJka17dTP8e3srEdgV892YoZYiYktxs7%2BZzCLuxDtPLAIZAjtFPkJn5rDDuk3vGemS2dm8q7LbIC5CBkw8KzTVmk%2BUyQj6gYB%2FEptr%2BvsQeQ%2BzOOik6ykeV8fe7CgthWuFlNX9J9v6oV8du8aV5Flu5N1VrBmzW6aS0SzkjO%2FjzaoqUnrAKpIZds0Y6oB5AFSoSQaBUw%2FV5Q4vjYSXnVu2lOuCQchtjoJBLwkmmCUFxfdNJLLijwGLlNrfXuYicCx%2FkKMu%2FrKbGKh0
宪法点亮生活,宪法点亮生活,宪法点亮生活,/l?e=43ff%2BNxNuQpx%2BShUt7La1cxCLKTlDALgoOGd9ZWTXdHDo701fYjV2OH%2B%2FVA%2BdNRpiVBP%2FN7HRCTf0EAjKKVPQRqTonaoUL9HSwyopOkhtmO2pXJ%2Flf6Cb%2BSbzRK4iC22kvqngX3Q8TqJHV7ftDvuTtCIyOsVh6a%2BLCJ5wXIy%2FtKi2OM%2F0M40AfYHpXGu8xwu9QMUsIygEY0aJO5MN%2Fa5xPtdfBMkrnlT4zKMiq0BsF%2Fc6BRCDgX6GCQSdy4wwbk
建议谈恋爱约会别吃烤肉,建议谈恋爱约会别吃烤肉,建议谈恋爱约会别吃烤肉,/l?e=e137D%2Bo3EBOwe0rzJstQ7j0GJRQthbn6t%2FELmAAOpcC6VjB%2BZmMUcqHTdOCX5Sy7UC2%2BshsXkfX57XEZ0TLWj9%2F%2Btf%2Fz%2BBZQSglZAD4BqNlSB1zr%2F3eR3vVVg8DqsF5rCgW5Tcw2VnMzR0tTAsxHDFHnFzLS6%2B%2FH0an9Ef7hln9bbr29SaF2QwAboYu2U4stpRgYW0T6D7tReBL7Kifs4pc7uWLH14N7tiUONGv8%2B6WYuUstw3HfNBzSVulToJjutT%2BVlnZ5o7K%2FbWLnQXo62UrDJYlgGQsWnlBPDiirQag2Qyldeo8O%2FEAsFeXIXV0vpnnafbH0FfvYVeCQcR4Lq1g1T7jtfHkjrCg
957谈LPL解说考核,957谈LPL解说考核,957谈LPL解说考核,/l?e=aac8ynVSJkC665iABBfv0V05SUagRgVFFwfmIbkk4ZPvQflbkEV2mxZBnqFRUKVDiyOGOKAYxzqgkrNrUUh%2Bo2ta2xxH7GnD4kAQ0kc0nAmaiLu8ZtgTp3AyqzsyAmsQpuuKr9uVDzW6n8%2FZVs3upxd7gAIpvswTVs4jZ5SPmaFmRF3WLS1Kj8Nf6%2BL48%2B9APfHDippvgBsPnBMOokmXOecsvap68GHb2JVoKsHVa7BQAnqQyoo
李一桐 30多岁正是不想谈恋爱的年纪,李一桐 30多岁正是不想谈恋爱的年纪,李一桐 30多岁正是不想谈恋爱的年纪,/l?e=c11duRpdFCh32z%2BDYlB%2BDtxk%2BLoVHj9FnW%2BzFPSH6v77yVfXy%2FiJHkiFGnTCXN97I7ZLBhJC368Ds%2F9QR%2FzZziuxn1tEKLOYABvxyPf544JnawlhXP0DjwzuwR5OXFB9jlcKYOGshAKbvTAz%2FzVkYqj7WgtLAtNMA2lrc3mveCrl%2BX3pK0LfPQP1zy9vxA7BXSMCdTJgVQKbJRGh5%2Fz7RGOIujUGtHONVUkelVQ%2FXEpX4bcyEqUgbAWcTQaEg%2FQ1ilKY5t2dS0RYozX%2Fupm2ayzYVhxunof5R9iFIC9D1TDMedu%2F4W1OhtgdbBeIIlt755wDoc%2FcIFaI4etK28y8cJ8BYGXyZX6N4OMdvieiGIdnlaBQWY1ZhOD518vU2BsAoigum3au%2Bx%2B5VfryigzL1hTbX5oEivYLik09QZ7VNi04uRzi4evek91cHQ
基层减负如何防止新形式主义,基层减负如何防止新形式主义,基层减负如何防止新形式主义,/l?e=fb51OIyamp1e%2F8F72O1VVPepVG%2Bso4BNp%2F%2F4zET780Zkrl2BTd0Agt%2Bs9UaITDCv3WD88Su%2BPKDpGSdy8P6zEM7ksxOCNT8f8p%2BG%2B06baLVrMn%2BT%2B9uJ%2FCYT4dtJEG2IkAbNgz9A71jbTSbCNSccqfIH4ChPxQH0MXNtFUV5B9JcZrmaEVtndyBQZQQSKa%2Be2EtBcX6eez8cvJoGvewyvPAZIJ%2FhnrzzpGyjOOKWc7TW5K8PYmyx0duy4KZM%2FYfL8ybvjtJ432OPjuWYc5pTvxNvj6qJ1Hb9Zw3mStNknfuPhUL8FPj%2Bn6Xd7GLheHogpOpTYKsIPlvtJ9mlOwNsPkx4YxLC%2FqHbDFRkLDKH28NdFtnlgIB3jffmobpXEccsn%2BlUU1Jg2ts
美媒称特朗普建议加拿大成美第51州,美媒称特朗普建议加拿大成美第51州,美媒称特朗普建议加拿大成美第51州,/l?e=d3a6RHi0zpJk9W%2FTwnpcpzS1QBeUl42aYscdis57VZRixn46K9yBk7lP7P9cFG01a3Jv93aP%2FvC7yBclEWa0DgvIaQPLSSSfR0e8bFUs5GL1ZRpTR3XJDgQFk98gaxhs2hXSYQn0pbuBi9%2BVed%2BCbZlRinZqDBUoXY9PHJ5KwdF6DX7chCxnCR3kdmKfnKcQPP%2FhEGxQbx1vyeh2YZNbJZ9VQ6T6kxofWfx4v5t7r0fri8hQGnBu%2Boy0TI8XLPPaBVDWn72qqng9dw9IVNCmlx5wk%2BCDt4m32sYZI75KeZMradS37fx%2F11NLZKozkU2h0bPGXNJT5jTDJfnLkC7Rk39%2B6Hx1cd8qVGYZ4wD57tEwNlLPaa6AK7MP%2BRN2oES26K0N2B7wPIWUnVKLCJGhkE3iFwqVD6vGSw2RoFXusNZXm7mjS5amqg
女童被生父及女友虐待致死案将宣判,女童被生父及女友虐待致死案将宣判,女童被生父及女友虐待致死案将宣判,/l?e=ea4eGLlZ0nGaGqw5%2FkaCgxdZIm80cHguCWUZx8oOBSVJE%2FjtonR%2BJR070PKH8%2Fu9o3C8TxtZT7SQQXc%2BwNk4Hd0Ri%2FsNVQgKD0rQ8kJ%2F8QifpnKJucpDE%2F0m1kbhPboeIZ0TtrMyv%2BZ%2BVR1irVL5fOjfYFchInh5z5ux1TGyZil70RHW4Ti1BHpqFlvj4eeYRUE6xe%2FDYddb%2BLGLorhcppighEsrA3sD6NtpvdHvkzypDxaUNv3eaqrPkFMBeobvE%2F%2FcV4C4Mx9wJBD0M9iz5vql7k2RRd%2FFpNsZcTOjYuCi7%2BI7sY2cBs2Ejaz82sRD7vM%2Bz2u11B16v9pkHyEtor%2BcbpqpSBtoQvHXkUiDE531t2PW8AmNfhW3%2F8YGIDIgYkg8QJgDSSUBzJkeGBIqSlvPUsm%2Bh5gtSPMU19zV6JVxyqbTqV%2FTBECKMdmykjEM%2BIFFvYw
花少团 最后的晚餐,花少团 最后的晚餐,花少团 最后的晚餐,/l?e=447bNtqFfJrGsvI2RkW4fofK0N1WXKJ%2Fp2LrLZZrBestPvZ%2F2DVcVcrWzIRE%2BnoSrGj4vAh0YtZC3P9L78TINu6talLE5t%2F%2Bg0EkvmMateoMtxfGWS79HBZ22PcA4yAJYa%2F26QQ1h1gf5%2B7n9%2BTV4BBulkclsHr%2BnhLBEvim3sOQ1f0GnMOuDE1%2FE2dYomKq0aBz37zLH7ADr6rr7%2FwjBRiroZsDskw0Z1mHvKSSvW5j0EKOZZgjqWB7qJO5wiTvSZwyhe27oa2WM9%2FwdDbD4e0ZJNLLiLQyr%2FKDMewP3YI
通信技术试验卫星十三号发射成功,通信技术试验卫星十三号发射成功,通信技术试验卫星十三号发射成功,/l?e=7f79HE%2Fj4WesjSEzSFMLXqN5WKSCz%2Frc0UYcFnYzHaP8xjS%2B8K9txLnzvabkEynGjo6VpNiaPnJ3d4eJKHxS4qS2ABsDYKSaKpK8OuGakjSb80uFLsXLREtktSaWK8aKP2Nb%2BMvUppW9XNSPkiZDy11DuaXasRJ%2FnQSJkdBmK%2FZX0SFpAGGOiHX2kIsXfS7Vrx2aqGDPQYD14qvlNVLi8thZymIccDvAGPT6yoljU7jEvgaWTDEqZZUc0jKZqq%2BpxUL9wdDbUOfF6GI1pgx1eMmL%2BOz1MBBhKs8nkhOX0tC217MTxgQrFRMRkoQAvnt72k9IDUCSd4A3wli5QaiFsfn6CqZbh%2Bf0RCg2gUYyGjtsgEKp1GkaZrGhnFyqQ9e5bVU5QckZBWOw65QqaxJa49piNEmweR6bDIoC%2FI4apFDNRjwKUO8
老板接44元订单竟涉嫌帮人洗钱,老板接44元订单竟涉嫌帮人洗钱,老板接44元订单竟涉嫌帮人洗钱,/l?e=ef26uye%2B0RbjBaxrYHgrMsV9WdnRs80AaZJ3RsjV%2ButXfvHWrgKtOazgJlxBIeuFtA77%2F8Xh7CFlw7L8xi%2BlYdeLEHFKnN6cQpmBBFcST%2FK4U4U%2FNQwgIg%2FIMgN59t7m6rBEvShrQ22HZYRyOySOJD6xALE34ltyLCtOBas3RZ2dMghiKYkCyUneUSSOp%2FlGJcVEkldDxepQLTqudGO5pwtaJ3HOX%2Bnuddn2XYf5vPvlVvAgPlWqZG8wTTKqosDwT1aMXJODbPnh3lCV5qFLA7mGYwhk6favJjU5%2FhA%2FxzkZTsQyK7PqBnlBd2otKscu8xcQnrIC%2FXRamf3LgSti1m3k%2FVt0v7PEffRBiRnUmqXs%2F5%2Fnv%2F3cE3426MqRAzKthXWdVVeG5uZs8w
德国大众汽车工人罢工,德国大众汽车工人罢工,德国大众汽车工人罢工,/l?e=da89NGqYQMsx13rMND9zILTzPmnIvZUlZRTcVDbZkZJYfoLjqec6suu94h132UeBEomisg5GYtvhk4oLmvsXYgnHkzmyAOSOYeJ%2F%2BjXt8xQOkiWQ65fcszOOdwsQErQVVaIrjk2QhXO2Ls6t2Aur%2BQpCsPsRGNpYoRiJpFuTStsugvnFnIN03VsPhYbnZJToWOElWrfS9ATCs%2FvNXQTogThSy7XRZHDBBO%2BlsV3L%2Beq1BBxaqUAfCyKPst6Zp952wExQLfEOs57wRLJjWpgZ9jHApkk16R6fMt59ModO02gsvEw2xjZbxtlqLjaUX0EiHlwV%2BfUzQe1LJ3M
熊猫中心回应福宝已收回内圈,熊猫中心回应福宝已收回内圈,熊猫中心回应福宝已收回内圈,/l?e=adc3Cws5CDP4tRngCbkL77S159RvlSWzeRb3%2F39qAJ9Jf976vDUIbGoRum10CrZpGiBIX4DbGs7uFLPe6cFUaPdwBrOM3ONZXYtEh0m0z7IDKqeMU3WiS9gjKhaRikqLpvDKNP1DNQi8XaIAPhEV6yjAEAARFcQJzyxke4Z4jh5d6IO5S5qGRzc%2BW0tg4iMOpAoAnjp71kc4cFaCgWgGvs34cvHmt7%2BTm8WCVGgKzd3BVUxE7EEnyXpjSD6e4RvxXkpxpl5zRcwJXCy9DHmLQqFbrsnBjssbTiwARxUQmizhNyRiMFRXmxcRovY0o2QquNkZyYsLZaDQnsJ15rKz7SL3uPmrrlFIvq23oBOmp1yx0envueUDOpNu2JccNLmIrq2KhZOySI0
跨年晚会的神级现场,跨年晚会的神级现场,跨年晚会的神级现场,/l?e=ea40E%2FgSjSq5NRWSEeppPZtSxKzpyQslv3UTExvqviAQ%2FHseH3%2FtBj2zBKuckKtSeIdJ0mPtnwVT44Dl91inAQ8oeKuyBHrzn1hBOXq8wHl6YIFKy%2BVt31liKt%2Bu7qqHabtfJ8FkFDj56YuJRB8e7FpmJEhBQTKb8FD8ouGtNQMw1BTykSnOEA4saCebLhpZP%2FTi2G%2FBEvUoPiBsZzHw9FuKH3DjGTrZYDOgMC%2BCwjSXpNfTkN55BOOvZMFG4LGLcEWwxSqpBsm7Mntl8xzbh3svoSrwbEYm%2FMpioRLRv32mB7dqTpqjJ%2B6VL38
高校要发挥婚恋教育主阵地作用,高校要发挥婚恋教育主阵地作用,高校要发挥婚恋教育主阵地作用,/l?e=89d1Ak9g0jdnkE8Jth5QExSH3F0IsziuroZRb8W4N0kkwrt%2B3sxIuyoUR8dVD5A3H3L9Y1yGa24GbJ07HeISXr3ehuAHiCyo%2Ff1ms2zBW1ARzGpvVleRipPuHEKl1FrJTQTeOfn3igIKejHBnvg%2BpGFfyFpO8IprWRhXcjS28PtZVTz0h%2Ba%2BPV3B%2F8cTStAxxWbKOarR5TLbaUJidH37N1xM%2BY70UDjISFrkaVxL1iQ%2BgW3R3sX%2B5ffbpmZWaVDYtv6qs4xLqvsVl2LvQ7LdTIJtAU%2BYvVs9bBtOZVAIcV6qtzkPMext7KvSn4lgSIKiYYH7Ourp3esIvxH2RGFqN1dXP1aA%2B8LJsgo1V2BFxVNon70rVOIyxHMVPcwaF0d8NdNIk6D0qeVcIgrpLjuLkJsZjImKlns
人民币汇率为什么大幅波动,人民币汇率为什么大幅波动,人民币汇率为什么大幅波动,/l?e=8ce0pimil3ayyfhIf6QFX39ot2mvDGFRPZAHMVU6rIpFvnvMiSKuBhB0WQguvN%2BQ2a0E%2Fwkjl57K6k%2B1jV9iehV8HLd3naAMan9Hohor5vjkVPYL%2B4AkhnaB66zupv14JuWQ1gZszkTlEDYNgp3TMqHK2y4JajNWCUMH9vGYreZYNYX9hL6e1d3xKkZ%2Fx1n%2BGZlxcdqR%2FLKBmulHhhrnNJ7EotCjewlufNiZahynIQbgl69ekRRx16xQQyOqSTdEKmKxUUFbhr3r9NtdAd3V7phyCN9KJorHZHXHwBs3i7lEKj9F3YEDh8i5wynP2Wrl1b9tDH9GtoMyxn2UUjw5WWG5KW4DfJaFStLLW4sGWlUIztoeSUm1EoA
王宝强律师回应被指给演员签卖身契,王宝强律师回应被指给演员签卖身契,王宝强律师回应被指给演员签卖身契,/l?e=6357O0ugoeUEtwh9fYyeqYlJVdmxox7EJt4FyxwaisjyZPS45S8j%2F9I7h%2BQrYOJR61HvQZp09OUPrnPXJPdSlKuR4CK3tZ04wstcQFphuTA95DrK211GBnlNjA0w0%2FvsB9vNX2TRa3KF8WTc6e%2BHX1TbCPLkmklGZx7qN7CmyUG17iG5pNWuZNTx3JLy6Uth2CnHxIpH%2F6BB%2BxLpT%2FUhMP70xNu1YjN1LakZPZ8IP349o9Uo6jziZfXI5DAgC5DjdMRrCOdSye2554WI7bGpHKZgPt047M3xUL%2BVg4bZ1x0m1%2F6heax06ILPD1ekXqGUsst%2FGKiJxw7zSMdnRRJZkEeZXnIswXtFXsR7idJO0G4r0QQmeTNLKvthIdeTH7R6BayQw3P%2BHfARdTxhegeG1pQChWXhr1JXPDaJnIuF2W5e2StI5aEOQtEdkKRCwebmeBOMZsE
王一博系扣子vs不系扣子,王一博系扣子vs不系扣子,王一博系扣子vs不系扣子,/l?e=7a09vIM%2BUxw%2F6S%2FnLGrLeb8jrBe%2BOF6KPHZ0eeneYWnhKf5%2B9zEUc2H8KrysmoeqSMBa2IcoOx%2FwtugnbbnV%2Fyjhi2FYU%2Blp2j9DajzeLyArdSI0gaMezBg3aslzEUlVpnlBgX72kKSy%2BQgLPkoIdFK6LTooK1tj%2Fwtsl26yNhe9HFGk5fQpiR0UaPe%2FA64Y%2Fw%2BrRanVMrGrWwYoJYOYmuAoZ%2BmhmGvx7cihHvR2TZtiqH%2BamBRNvkFw%2FFFX0mEYLPPLCJdXN24daA1voH%2BsKp6MM8Q4gYpdskT%2Bl%2BZjMnbeBqzInW5mdIZjHpXj6PeNiWOsy8Lv9Bp91whjRg
王一博叠戴粉色珍珠项链,王一博叠戴粉色珍珠项链,王一博叠戴粉色珍珠项链,/l?e=3928SrgujMIO0HYGTtXT5k8%2FlgL78BvZ4T08wdSNwsQ9U%2B7qUSSbVdJuc9W1A6VTldP3VpmXvL1eFbqUtEHTTh%2BA4erK4SIDnAFDdoyoQykiWBUitIIucJ0k70gOy7l6OpChGZq4JKRLkXnxZGexS0w1Ywi9cDx0KIOE1HrJqqYFa3GAAjrgBR5Hn%2Fzqt%2F6N9JMqFleYmYNmPtT5%2Fo%2FBMg3fj9L8o8Om9pXK8zgPU%2BRO%2FymeW08SV7JRx3A2QJiUFw%2Fd%2FIc2KbETcuXxjJqz%2Fu4eQBNU2K1bC0OWqjTuKJyMuZU6OJAKrkJ5H2eq9zBQwB0%2Bdl%2FMqL%2BmbeK33S89lfiMJ0Tw%2B1ISnSA
叙利亚内战再起谁是背后始作俑者,叙利亚内战再起谁是背后始作俑者,叙利亚内战再起谁是背后始作俑者,/l?e=b8377BacwL2MyB7Ygm7Kc%2FpplJRqzcI8AlForh4NhyJyxxthCNqknXJijeYLBCBeFRf%2BK9bHqZjcYXsnlMQcXTArp9QAFcEqOSWAAkM9MlLYCTu0iQBYdMo91moOIugo7icEN8D1ir7Y3JMgNjTiw3Kajnqo78aUVU6Nxr92jcC7m5pYYBImoVqrdQfgT4nf4xY%2BHGln7wjAZ9UNFwW2JOAwkyJ2KyFCQg3FqMICfiLvcn%2FmTd6Q%2Bh08EYS81Fc76%2F4ZFefuwp75MKaPlrj9BRp5KS4cRZqHeSkTX3ImziwmQX7hkg9Cqn%2FERhmu3BsUxfp7oRD7ruuejh0UKTRrmQy8uBGtmKxo0QMOOnZwc5KZqmKfVfRqQ60wAlqo%2By4FGKqrezCj%2F6gfN3UAcnkXyvgTIpGsCKc2Ab3HPuPPtnR4LlGqt%2FY
免签后泰国人把重庆当第二故乡,免签后泰国人把重庆当第二故乡,免签后泰国人把重庆当第二故乡,/l?e=2b66mLGLxuijuTz0hDbFmVGOJ3EAgoGTHIwks8Mh4fyk%2FPUOiQ5FsI1JEVHpGXA%2FwqjMHCwzWtMt8qqqPrBSP6fCb5rrNYhHQ9Wo6MXs3hCxkQ4PGeZuMpb%2FFVWZJd5YIclJk24wezUOQwRO%2FeDIlDA2Tar7is%2B22RjG%2BtoSREb35XKoAJegd%2FnHaXCeQcquAutLIIXQcIgjhlnGLEYhO3OJ0jvPjN2p4Jf7GWSUuY7mBbRy5R1vxBw1Jf7RYZxWDvRrvEymK3JvhfPi4mVWAzjmULGvIANqKvW1wsXKnXvIgAVEqtKJu%2FQNJ3UdNSKnjUdiZenSw835NPr5MFl9SoS%2F8Ra5f7AZMUV4auMkkVAnC78Jqa8I9MmaSSFGcCoiAQtmxCGV7cjeTgJts3iQo9T0BS3n9xo
男子欲潜规则下属被拒后称白提拔你,男子欲潜规则下属被拒后称白提拔你,男子欲潜规则下属被拒后称白提拔你,/l?e=f7d70Ah16KDQecVT17lEl7%2Fh2E13vcgffQLrL2q34bs28%2Bfj8kelI01uFrW7XYmrGy%2BCPOQayGEyPfqEx7Etu41Xz3lDcXdTRBPJHfH%2BUIi0eBlu%2BmiWPTkGCtKBcbLIsjxH7cyFccR7rHS8oOW%2B2HdRW1sCkieVLYrh7osGGKhuZhe06N9zjJs0fFMqJWnZNjbxb40ii62MDXg5z5s84DLgOawl1%2FNN3Qvo6V9kEBE4eiABveNWg1oW9xQeOAyVyXWsuY%2BX8PwdH6d2wzDi0Igiw9uKdiZ7x8fse5AaWTSOXqJlqqgjj4VxXL4eFp81NAFflLgjZhhjS55xjctdgIov8FaSVNdsFgRPYb4GmhNIVbYZ0vHxc3sw3dWFudxNEhBuTHbGvxRJAseZzrMWNiXg6ga5cj620JstkqH8pb7Q2YgJEa1gcY6HwMUfNjIBt%2ButaSk
单依纯油纸伞下的东方神韵,单依纯油纸伞下的东方神韵,单依纯油纸伞下的东方神韵,/l?e=87d1L1IYMJOXB8Exa54FMF9hlcK7ozjrwNR9mDM1kzQSLXS1o5KU%2B64ZV4wfdikpUjNkC6vzzXPUNPyWaWaqquKzxK4coWzTQICCkFY%2BIYZA2WPPZqlDjyq8saOKqppy%2Fvn4RON57wAv%2BjTpPJXmbhUAsTmyJIgvC92KWPz77%2FReia0iBFxM9faCQp2UjeFGLrVPPUO%2FdEVJgPK%2BX7KaJ8Tc0Ne4i7a%2FmisHgBGzWu6fHBKQLAzuzroPjztBjM%2FOi4mPJjavdsU9Bgx7UN6u3v7Z9bkNmsslEEFM2Xp29h4UWZ%2FXl5ESSMMamLqq0bpCUI5VV4aJ%2B54RMtks0seVn3LtJ9%2FpNy59m%2F1hDuMEqY9wAwSiFLyeYHs
王楚钦继续排名第一,王楚钦继续排名第一,王楚钦继续排名第一,/l?e=de6695LEdgVErr5uxaiJv4i5ACaO3IbF8nPNiTy%2BJ29fzTiiWKJtHFNHqTZfmj%2BW3GkqmpwA5bPg9DHV6S5%2FTNtITH0puAz645KAeBUxrRPwWpxukKT8C2a9jvlB69fKm7icfeLGmsjrq4RrXy70NtWX4qsujtNUv5Nrcz9CNf4NAIixj%2BFuUnM2JcB1FDTJ3A3kEaeWEkYdB5MUsq1UZ0TUAIyslnitgyUVU31GdQRSfu4ihEerxB0apaW8L4ue8UP8C0d%2BQdx%2FW9XnUQ6XusB7wVEpjjDkg7vAEsj%2F8H1SS1kicquJ5%2BYp4Yw
深夜未回信息激怒领导,深夜未回信息激怒领导,深夜未回信息激怒领导,/l?e=a0fdkbrHPJqCUsUdXm7TMwgxwzvvO430scE5%2BDqHk%2FU7HAhCdtDuz9wm1wVdZyfGdm5xVOFC%2BB6yiXSOgTwOlVDoxsukrTsAIaTUI6NxVtsmybrqY5N0DEULvmZfezChcfLODhpiRMnTBCEqjwuEVkxlhoPOY6Z8T8AwHOYpbNHNQC3upr8ZbdN5h0DCon35nFH77KXPrGb3XJi6K2qck42H%2FyEEODeMGdj4ruFr9T7R%2ByeO3zmd4cbM04FkPvZla43PTR14tqvoIT8dPr0BMQqDszAQKd0hEBUTbiW6n%2BoZgn%2F8fCpTyQtJY1uk%2FpEU8uyrVxJGEH5l%2BOU
何依婷怀孕,何依婷怀孕,何依婷怀孕,/l?e=1242QnAc6oLkxuVhQVax3EG3dKV4%2BbRlp8NlfXJtdfFly9KxmwjA5%2Bsa5OV6XWR97Mb53QRYZ4rrOG90rttlu6%2F%2BiBZfRYsHrZXiDzAow2KmjZ13H9rrQBT0FFVUlkTGcUBSXZqwLMkJGhre%2Bn1PhmOzDJE1L6fhRA%2BllD0nxeG7gt9kfmaY7pyqyDaCFAejbCP60QluiPAbZOvWBingJ%2BTDR6GD1UV0d0y9HhT16R8
一乡镇公务员日均接收文件通知60多份,一乡镇公务员日均接收文件通知60多份,一乡镇公务员日均接收文件通知60多份,/l?e=5e5ezP63voBNE66sOJKhWnByfcpz%2BtuY8zL%2FWG8%2FXWSKifuSNNQqAlai5XJR3hqXMmnRTw6%2Fu%2BaFQ7iOqSGM%2BohDkhDBr%2FSrT1YaDKLJhSfj6mbBrn%2BXWNiN8xULdWfMdR3L5reGJbbg0e8LwT4skArUzKErksZpyMaW7xuKFOwSfp7ToBMWtW1ZekyZtdKzN5gpG9Q4YffELQIjGwYE9LYrmVagHw4bpj4fdg6H5itBCjXdcIKeB6RUymF5HBljlK67ZBP7B8%2BJQzHc7UBfHuNO4rasdeX5voocXHcdKvIaQZE1VI5csoErpsJG489oFSsPJaiV7bERu2pgOYByAGWnlw9X3c%2B%2FEO3oCQFFwXS0X0Kzut8svKmL6c72tGBtCN4tnfmnB3Ec7TjPaRnLgqiaYhr9OLzrNOVFnXPL%2FY%2Bwvqk5YYXhVLcoYbATpTKNwjbAH2u3xQ
56.9%的大学生不想谈恋爱,56.9%的大学生不想谈恋爱,56.9%的大学生不想谈恋爱,/l?e=7dd2UrHo8lKs0JSxijlYxOQLnKvtFm32Xx64d5JgocGjF6Kx0zRFghmA1tetLkRKEVVw3guTL20E4nr7q9oQtEcoLgQa3IU0RgJGN6P1mBB%2F%2FugpgFAoUWJEBakQrDYJsfBc5gd6bqci8wbKXO11pa%2B0suaj1pNf6T9Lpq5dfPfy%2FMPBxVDy8qGHOhubrVeM3diRwr7%2FXa%2B7eFqX86u9DmDC5541LNS8C6mJqMhyRxuaKiUBZMRuhEV7tEvCRKqLtKtZCXwcW6x5lbBkIEJ752aYihzKflo9e6AKALsQaYagy5%2BuAltvmk7YebKlBQsD%2FgEFUDI
有些语擦师明码标价提供色情聊天,有些语擦师明码标价提供色情聊天,有些语擦师明码标价提供色情聊天,/l?e=3404lf1AIKoDWb7UghL1Kr7%2BlcQTkmRIhJ2YUbFmPRBB0L1rJTNjXspH2VJw8DaZsxm7wo7cLoXdef97RlKilovjhZiMfxlUu%2FP7yV56g%2BpwQ9TM5akSq%2B%2B9SF%2F3wuZtIJXr26sJ2xhfwo22K54IumC%2BL3Feen0sFQN7J6U4Xk%2B7el%2BnFKlNd%2BJyGWu9asbG%2FzS3pddU0fDilJnLmv%2F2t%2Ft5DNJf235%2FjMqEk2RNyGhTaYeRYUFrikhw1bzrCqH9ZBSpyzfSO5fockZR4jj3BJTry9uPHWzhsA9Y2xbF6xTZZRnhkt5JnOgPnGqfoBeVcRvzkMxb9eDWaPKbtC3z5qwKO4MEG3VlPhFmj9SUIoXl78%2BxIVuoAdNo7lvd5pJdQiBwa6U1Nh6BLtri3dP5Oqz0Q0SK1EbPjoS7sLdKiTM2m3rjDiU
辛芷蕾穿刺绣斗篷看秀,辛芷蕾穿刺绣斗篷看秀,辛芷蕾穿刺绣斗篷看秀,/l?e=2f37zrcIb5noej6S2ZaGRt9UrN6MWUwrkg4ZfFtj4tQbpmKR%2FWOSfx%2FEy5XoOYrGlEsiYXlpoAxEG1yTU1Ds%2B4ALFY%2BP9Wd%2BCvTtcpn08UXwTTIYJke0ZjAHpPOsGbhe6DrnLBzQnLdfNZ5o5as9MDp8umcpaxGx13sZUebCVjjrXR2EUkEXZwNrCf9UHr7FdAXnEOjbUQf%2FZVxXVj9NUZ%2Fk5kVgpnmQGKBhUmlAtARQmungF74M1P%2BqibNGBfRC5rbxdSEc2fOHxBJuTDoXAl77RoH8RGLHzUJx1O3qqyJBElSKEWO9eCcJxUacWlXG%2BA%2BuLWNYORl0mcs
长期睡不够身体会发生什么变化,长期睡不够身体会发生什么变化,长期睡不够身体会发生什么变化,/l?e=69121oGNBlrqxTXoPQeM9Pj8S7csjSuPG3Yn%2F0e%2Bw%2BC4iueFGNDcUAKQYYzIPjOL79Pnbx4rVo2iarr5GFfMFBfEMgKpt3yYpOJqsuMGM5HmxJWfSRdfF3J8lt3Bvtf5yP9Ze1nwgIHOto%2FFByBHNiBXM%2FHO%2BcWSzQIqAvZ2irQytlVVUB9evWo3LOOBkPro5JACUQ4X%2BsLiZBKIjON%2BsM9e4TU9M9dS6ElgEcldrfN0uZOep9MJkaUBUMcwLhEStJXoJ6MbQ0kvX9YbpRModWnqh1YCBE9TR9CFiAp0s5v6QpZTQrcH8v%2FpcDrvsQaIYSuOQefvgH5avqfWKGnPpNyZVJ3M52x5DMvvWjIkro33nni9OpAqfOz6IzqPBTafFxBWB3YiiTCdOKz9j7kD77jmqrT04gM
王安宇 有趣的灵魂好看的皮囊都有了,王安宇 有趣的灵魂好看的皮囊都有了,王安宇 有趣的灵魂好看的皮囊都有了,/l?e=8144a6MusI8UkCOa1AmbrEJfb%2FbZLINlO616unQQgLLoeL9NkrpI3YhcJbDQLTQvnU6DiPvCZu81NShMwJVrfnHBJ4Qt8ecIruDeL8kF5Pxak3aWeh7Ju6pUKmWJjcc77LdfTiFN7Qq1OMCsPSlsBOfk4T1D%2BgnsNqVZEf1KwNvIylAFfbaAmTOkX%2BtZg9xKtAS4GOGpJVgrB0Xz2npp748yP6n7ugv%2Fol1TLoy8KQJx%2BZNhrI1%2BtNKwunTD%2B3t8qRt099hbp85ld87eNCK%2F1ka87TlSu7FQB%2BDCE6k6KBUdU3QjTkpJGWrgVX03ecvb536WTxn61thbckeEk%2BPIj8QStmO8d8oGWwkvK9nclsiPRolZW%2Bw%2FA5WJwysYKL1dexoeosWQ3A2exjIJ7lUIdxkWrY83Qtb5X4qmmnPUyoL0SuAP5mB4R6yZuaSP5sTZfxoaIBKM4SU
马龙笑看台湾绿媒造谣,马龙笑看台湾绿媒造谣,马龙笑看台湾绿媒造谣,/l?e=a02cLyJjmf40TsIAzsUkkDWMbCl9rm5bbnUOIFRU6Jx7QwPWFdNJLeemfIYZgVoR%2BwQGuD5vyAZILMtfKtIEs1Pv%2FvxEItn1rdHlolqtW9%2F2Mm7wtNmSAnpGMbxlj0%2FtzSBK%2BaU%2Fna8BY0OcVy4AZkBgA%2BAdtTE63DWSdr3RNIJiDRH6GKZlVDAxEawGJ2qgpX6pKMliQ6FoGd7VnJfCesG39tTT0ID%2BTo93fLt2NfVKEh97IZv1kTurIWGqyZ5zq4T4%2BHeQp4VsCVX0%2FRVvU7%2BYZcDdBb21OCZ6%2F113%2FRNaIDR9A1LcD73jEoLeQakEQi%2BIjnXqpNZPX%2BI
律师谈工资被折换成购物卡,律师谈工资被折换成购物卡,律师谈工资被折换成购物卡,/l?e=3a3cJ395tdXX8YyHZNZ%2BGY2dXhjpx2LVTSRErcRwmsZTVgIsbjDPeE7iib1MOGAIB%2FYfW1JcxEJX9O7mJSkVldHZFqYH9t4hDyTUd3B82V2OHgLOWehvOCRvscmGFdNmu%2FrvRJER2HMHsJxjIjbLLFj5TOKGNaxDG01ACAkVhxHtZqlh134rLRxs29SgnreT5A3WNlqyRM0EpDLXD6bOHCf8thldMc5JzB2rTVsBbeiRP54PsGk84A5RKo7qmpG5QAi2yshrPurGp1i1wRh9kRkRqo6vix4vnpLF1mCZhH1zV5TMm1LqWG1UzQGEk1KERYkcHI1jJ8AhuSZpDg34vVQDuxTKOxWU82mCErGUtJBCxN%2Fw%2FYcdEV4
张钧甯到杭州就爬财神庙了,张钧甯到杭州就爬财神庙了,张钧甯到杭州就爬财神庙了,/l?e=a103LvQmj6ruAtKGRoNpIJyfybJ3osEYZOLEW8Uht1Sp3muBGBhs4Z2q2USm59KDmYdUfwiQP3FiaykvBw9YQSukKtA7vLV38KkzXvcSpeWj8BpYrqtUUoyl8IlXke7Ur76AMJcX9jTXRz%2FLsM1XxRE%2BNkHD%2F%2BifWNnXl6sVZF5MB0aejKuG%2FKU6HppDHeENGMbN5DVUlreQBJqIy8tojvLwbifC6cCOEDofusI9w6FCuaYz%2Ba3o91Dfpk9Ucx0C2OBAFNJ%2F92nyTFC%2Bwg17NSCGO75wc3GwBY5nIEt6JWGZ6r%2BdBDDRcqQyqj%2BUSbDemX4rIQ%2BAvgItCC0%2FlP7qwh%2BjEiPmgOILsxCy2B2eT5LDYOF3b%2BgSoGk
博主称男友滑雪太好被限制人身自由,博主称男友滑雪太好被限制人身自由,博主称男友滑雪太好被限制人身自由,/l?e=025dxU5ma6WDnK2flhnrJoX3qanGQlk6y7pwVmdE3Bqtvl1ebeIykj7mjYgwpaaRCF1OgfiABBgyZF5NQm4RhW1RogqpvQpeogpSKSUNIAmH7dukU6W2gYU3sQwCYFFE2D%2Fw5lWksUZ8RD4K4R6qEAk7oP69GhbLYApQYKpJLVbyHYKUK7tft9poNR%2F%2FHWHPrxDZ3LNMllqAeVpM2TbYNzGvdMSuDtzWdneKI2ZUS%2Fl6K%2FSQ1suHQ07rJcEX5eNuSsJwP1ZXpifhGDofIqMsoCzo%2Fxk5ojXlvtnVyQtybdTVlTCghq%2FF9YTp23MuKcBZUKkQPUzlpVk4uAZPNa01QY%2FqKu6GEMfU04n4MSmOpNxL%2FtQn%2F%2F%2BywiFJ9R1%2BIjTLPkThYGqi1nCMvDd7kmBVtXhOcSA2GUwaHuVOPRYNMmSAEOi4wKNrdvM8W8s8UTK7h3xthmM
王一博中午喝了粥,王一博中午喝了粥,王一博中午喝了粥,/l?e=9b07wgHR3G7t6zS9wQEPDdqsysHbSVX7BXdc2JxJQlKT3HX4wjKDruXOf16w3hWn2lrVXCCRX7eUOIuSJY0wl6%2BIqYIKntlXZ9DbExlwGUIVdK8jQyxm3RwRwSZv9IrJ1tNCpLsRBJKMKAhKWKzqZzB6tpDbcA7z9W%2BDd2iSJ1CbU2ElAVDaXPsIY0c1GkVAKZ7cVBgOcNrE7l5YH7TEBqFsWKSRVSjjugGg0CfRiW2fivL7sPQrr%2B7W%2F0pbdU9WZN0iaaGn8nACFK0SVthbnYrvErje5o3edJhKTsE
一个高学历低能量女孩的生活崩盘,一个高学历低能量女孩的生活崩盘,一个高学历低能量女孩的生活崩盘,/l?e=0842YtMMG6%2F4DxTx0ivz2188461A%2FSE0E1omIDDTIK4CFdvJ5naugTb9InO9sCX0V5myNzQ6RKRfyhgurRtJ8lFBxggMj8Qzi7HTjWX3x%2FlBB44CkVBBVaN%2BcinzPSwrzTLKLbkHyznEbt6qef7ZKvy4EQV%2FZHZzjSQcXDrnZb4GpDIFF1qwEOhTpnSNm6esZ3DhTHYGHGOpQ19VCaPgg4inMMaIy8xEn7mWqIUQYZl5GpWx1dBs8qQnjrZ1VZczDu3AmdYyk8GUhaO5uKDLUpske1xyvA%2FbPnkBmBfjq4VxgRJv6ElhDQ9SR0O4bct0%2FTuF%2B%2B0w6DyBfYKNqWwyyapc%2B5X%2Ft4y297iRwM3xJYjLWHFfG0tGtSB%2Fuq5KPtz5V%2FI9jI7UgAoz1o5lPuHIgtVocaQQSufBKkn%2Fw8FCmSH3zwKwJNE
男子一人扮3角骗了好友近45万,男子一人扮3角骗了好友近45万,男子一人扮3角骗了好友近45万,/l?e=9747xm6huKOPmJDV4Tt%2F0ORr96wqeU8F70CkE62DOc1goziYyrpBPUhKhf0aEOPw1mbebktaHZ22csOvaBqxupKfyyE3Bmgq%2B04A8QhRTEVrWsq4x2sxDCvEmmynk0ns%2Fe1S%2FSBzAXsz6atl8kezIJ693QFe4Poai4%2FJzjW8H1%2F%2Bkq1gtQ42D%2F%2FpjD%2FU4KHLcikwutP5IYrxaaA%2BxxBIxud3NJ8z3e6gPZLs8D%2FL4m6zaURcUKZBa2O5S9gbv%2BsRpW0IohyujcEH6l2kK5U%2FAXkDtn3pr71RA8tWrZSn297pBUyS%2BEpRxJeDuA4Qm38odvfxrABubnT2f6WxSJNYSuurI25F1s8m6ltfcErWbGrEOCkrcZgjgg9qHUw
曝王宝强公司疑涉合同欺诈,曝王宝强公司疑涉合同欺诈,曝王宝强公司疑涉合同欺诈,/l?e=2fadaF6lxbgswul6axdTDoCwR2ZSlIG7hZ771rmGFWjb5nA6rSzUo%2FvEBGjJ8Dj0kkygfXDlqaDkU48n8rCNC0cvfuKKAEESjTD7extbG2PyE6R23oUg3osxDgn%2BUgg20KKj8%2BRltFWuOPOvd6poVFLUkC6urzQqzYFCDooOFwAD5OIRf4GPSLjxCi7W3huHX98fcoK%2F5z28C7U3d3Kn7cB4Uxow7P2Yp7G8eTj43olAkgEwge%2BEPSsPtXuiVzONaRa%2FVpt%2BkDmTseGmNp4mDnquxrKER5Wb8IW5FP0j0FW1Mq9ewkV8LKqvJFFxqq2zjZzH5w6bZqB8I7nRjeSbRDt3iqYw%2F%2BLSZQa3i1FmKb0KLskOj7v346g
女子肛门刺痒医生用古方排出10米寄生虫,女子肛门刺痒医生用古方排出10米寄生虫,女子肛门刺痒医生用古方排出10米寄生虫,/l?e=aba4kBefjLkvkdeiE6NVPfGvkKfpB3jxwT%2F6l5WJ47b1RoThniddaci6sB9WjttfKlNdhzOOzLTZrflbft0hvpZ3RmaASQKWE1ONk72echTGRWeWfXdYaQ0KlecR%2FnEOJ%2FR8A00lS15rLO86nPG5jWVxpts4%2FtuD9zzMziGSVrEC%2FQqYm9RWfgeyh2vQ24VFuypzhpQLITIJii9xetuJZQz%2FMJGJXginb5N0r4PhuXkL6j%2FJei3iwC1a1OQWoyci8qxTAyCBetpS3BHsUJ8j85TOi2cv5ECH1ditoo2jLFS5phaJi2mcInXzexKPzLEwR%2BcPrfYr8%2B%2BTsySDX5D3PSBrtBS3o0VIxXdLL18QejkVN3QLCW4sUEVP27AXW1OcAgP9IW%2BhLAjljvRbHymYLxsNkQtJfOW1zc3Qf70jK4YjmUeEJNQJKiTHrF3kDHJveBX5aEh%2Fy%2BsuYlqGcCLnTAE2%2BMN%2Bsw
郑旗死腿快开,郑旗死腿快开,郑旗死腿快开,/l?e=cdab1%2BUhuRWT2quMkR%2BPEvhaKSYprOJ1NgkKyX%2BuvPSDcTufplUSl%2F6NJH0Jz9J9AfOJEKNEqHmhLvXxT%2Fg2S8zC2OAKzpuLZbrXpBIMDe1MDnk6KKxWGdmuSYLHEKqqb7iL5pkyZJajqn6W0T7kDavrkzjPaNO%2FzaLLG8PV%2BMx3ms4O8MOkE3pvGM3foYn9nSfFR2IDK7R91ZCzMcIL7CK6IUbxt%2FXZcZIDL7uHem75DS43humsFhE2D0TWowo
吴泽林 爸爸妈妈这就是月底的我,吴泽林 爸爸妈妈这就是月底的我,吴泽林 爸爸妈妈这就是月底的我,/l?e=7029FoHvRx0cJnEHF0lxjZxEJqxFUCewHD1JNGfs5xx47uFIHxF%2BPfVrk3IdXjmteF1cDLoAyeVXRpl%2FgvR7WVLtcrKtMNl3ue5nvfIHWZJYOWdJVWcuwHRUwb4eSV3e3z90YkGD6XpElSMplOIs1c3zpUbNsemA8zO0sgSohX86K%2BzLhTPDfeQUwMzlmZKQj2bZYVLEzbshNCd0qeP7dYs9Aa%2FCMptEDVv3id9TJNXyyGIg8pC1WcFeeltYb6Sk4Q2LpHcWGsrARkksWqo7SbyiLuerXZFqD4dJOsRsUgQuykp2qgU5bZ0dHBQLfaRF6X2M7RoZUnKgZPXzRxnmru2vdPRQFlZ59jZ8JdQxW9wrwF7UzJrCqaYu%2FaS5u7Hgi9%2BXB%2Bu%2FF1KwnPrTFc9KGq03zs3ewpa1Jbo
陈伟霆的看秀衣服是自己选的,陈伟霆的看秀衣服是自己选的,陈伟霆的看秀衣服是自己选的,/l?e=b1120K8L81wrd3km4vs2vEbKf8icUVBQlRiSUSD%2F5FYb3GaGYXNAtIKk%2FtnqVt77%2Folp7yrM9FFgzWDFdPeCZuG2k5YFj5viFhdFXXs29siu0Mm2zL6BERKEZLZOeElaCCTYdcbPg2xahQuXVXHgxOnrtp5sc7upETgf9khp2nEPuvKnD6L19kZimmqkFzUzYpM0L962DhYgEiFvKpp6yooHrPFW7McAMoXfEON33xHunSxmqZfg3i3WqzzSyo24e8xtcFckHYRxUcT8Xxpvbzv3H56noSrXl16voZbeBOc7fY%2BZU4KZYVJYP0TpBfr55fWSw%2F7Obv6dMgkTfIz2U0Ol30hBJMFSxx9hc842xcKAwes7Ud7bHsE5bbtr6tads%2BngPX666S8
黄子韬 callme,黄子韬 callme,黄子韬 callme,/l?e=7045v4ooVxcFgP7HOKf%2FFdpHV6cT21Z3iK5lfDglcrrZZ5Lydwfgj88GXv7v4xMeROYNK8E4892Ye6si5oaSxPqzrjzqBgzltWCn0c6d9eqIGzbfmWV2XTKadaCNbqKoWcg2QS%2FGPHyahxJqERLGOzlqSdYV94p6qUMjd52tJyB%2B58ZVwB%2BBA8h%2FXNBJXtT9a98GxgCxEMQ9El4
张钧甯对角色的理解角度,张钧甯对角色的理解角度,张钧甯对角色的理解角度,/l?e=e3313hE9UoMMSioVUWXRw%2BsHzFQ2u5vkpLbIcl6qi9EBNWEVRALe7G5QBiSztEkdngnLGUi7zxS6HeOepb0hSOpf7PmEzxTZwAzhP9sc%2B8pFqpg3N1vPl%2BQ90n2TT3SUt8Euk%2Fl7N7LlRrmmT62IEWMM3ah4K5FVbKZ0K7CXPyiqTX62grCeeOJo3mDJKvsipeRExycS5apsdVzrCBow1Dwacfm8B6AAZu5rahM2GV84ZUwiYAnlxoSb43Xl7hKLokOShP4Z3RZrgVpXSq%2FhP3ydUl9DrdYPnCioFNQpM6vuaZdBxy%2BctESMVSwjk852QZv0wxY6wftCe%2BdUULTr37rEEIVGV0DtdRM
烤匠代言人全靠野生,烤匠代言人全靠野生,烤匠代言人全靠野生,/l?e=2f05aqu3jL%2Fi4Tr3y3G0bvT%2F45szmX2a8g4k%2BedChn%2FbxVTrviXh6S%2B%2FpCSLm1ILLvf3yj37M2xf6scGhkGP1VHbYBpiQmFEC5D1%2FrsTi4jrrPhG9s7WYmPa5d99cPpYZp3bzGmxmC1ajTa0CEp8a7ndkyUyuyki8410UAPysUwtfdfAvq%2F4YH4h6JUWGHM%2FrdZ2o2E9Ls3yeUHRzWuOfp4HJVFT8GRR3x7dDCLwKqVMV1r%2BEuDWhhMdVmbxxuUAGCPnCyreZPRZ4SLr4ryEavujXgaOkYziB1trRmRTmDXwZObBDuoBda3Kzns
博主灰太狼因胃癌英年早逝,博主灰太狼因胃癌英年早逝,博主灰太狼因胃癌英年早逝,/l?e=3de4QxaOHJLtQbwX30X8IxBr9J1xKoQSz8%2BuBqrqmG6jr7q5AOlGow0iK8WehzRZlDpTQjyrjkmIDa%2BSMockWMEbIrb4lEfgGYPkjOdip%2F7ITecl4enfS7ZFt61A2FyuFYmgLlLPd7ObNuXVl4533AyBhe%2Bm1P0Uf%2B5vN%2BXYre49d83EIkeo2jHNIKosC987cpATr0ESPzxanHd%2FzJYqBk5TFJesNLg8nKkz9wMlVpTtSeDmAmZSUI5BDxt01dqVJRjzaE2JFiUUIhZReHMZndCtl9YAtZIAIbx5ra6JOfaNcjNiFPmMVMuHmaNnbN%2FRlBYOMN8WGdNDTHl1Cqi70ixHyg2jPzxYx4gxS5YlWkM3jENb1wb2tYA
离职要26个人同意,离职要26个人同意,离职要26个人同意,/l?e=daca5uSFLKlgTqI7IQs6mHdluHmCMez1P6oLzs%2BcKq%2FzTSuYKrTwBYiguie%2BWBnnGA3dbnh70FrAzSHGlZfALW63SJ943Y1PNv0LUs11EYhuJEoD02Xe8t%2BqqyxQiI9QVF7kaStdUA%2B1bxLpgMFh7N%2FZzJZunGamAJisJ4YbimvxwQTlhZllxOB40yT39SgsXTOIYKBd5RlBh8lC9f3iiqz5pxirH%2FxB46Q3Qwb%2BZ5qHmmN5Dh%2Bl36FjwoxUBQCMNO%2FNUSAKUtbhDOeoZXSNuw
豪士面包制作过程将对外直播,豪士面包制作过程将对外直播,豪士面包制作过程将对外直播,/l?e=52e04nJzpmsb74OxEtmjY%2Fcr8OZfL1HF4cU3BuCBrlCbeg%2B2R5Mim3kyb1d%2FMXUM2uUlhbcTm3jXRxyYfNb70RZCFJK66YMdQ4vkwwtJ%2BhPjWOdyrZPbgfBUY0n0086wqWFGyZ4l5sk4Y9f2fIfAA9bZsQB%2Fgd%2BQzBAiKo1fPJo0hBAGgmKxMvY7duR31le%2BVxayWoMso%2BELYn3WHG%2Fvro2ckrVpa9N7nOOBJPn2ZlXJlMadMYtzG11wqqHWMsE4aljFXsrwDbBV%2Br5lpqvpZVT%2Fx6X07GOUphonsNpR2LX1b%2BSjPxIINUxr%2Bcs0%2FWe98r9SRRhgUE9IkJPulpbhTXkCKsh%2F1GSas9bXHx9Cf1nCAPL5xPmcyRHrLjRB3f%2FvvmVip2FDH8A
唐嫣高智感御姐,唐嫣高智感御姐,唐嫣高智感御姐,/l?e=02cbbxG3i%2Ftvgjcqma%2BIhRpa5aeqxsJZ8SGOt%2FF3QXyEiy7KLpfKblELMfSkgArm6B%2FYninOReOXa1AX6%2FPKeZiWfXmJcT3mtDc0IEApnJh2YlSgaBJtN1NPlE3oyw%2BNK5%2FTEDRoLP7y1pvgrj121xg08XIWOoYQID033MgJEUtt6Ihpsuq1qWKwY1Cg4bYSawPSRrPzoBRiXsGv3kOwBnKuiuon%2BkSDt%2FdqJqB2ujI%2FHyk4j8u44HG7%2Bt%2F6iAhlWxofztVZBrDl1Iam78w
孙颖莎说我有一个令人自豪的身份,孙颖莎说我有一个令人自豪的身份,孙颖莎说我有一个令人自豪的身份,/l?e=74c1uvKjhIijkfDQb4G0NHhis6yTtUTRWVnTgKEmOxk0fUlZ8rgNGdugnCNy5o07C5lu8d3LCxnjeyVTjLdXj%2Fajqheyvh6Q2BDf8FcRPyZcl8vr0p6%2FZThunVo2Q%2BNqkYWaLGUhYke%2F%2BnYXs8Oti7RNNNkAE%2FaS6VDi2QAUR5a%2FKjNbqyE6ojGnsJ%2FvYWfH%2FNGf6e1hlotNy%2FFk5yw7l1WveouXtU12c8CCHx9pasAvudl9lJ3IR1KH90K8HEwq%2Bz0MdFmuj9Ou7oxs55vZ%2B6mBECE6wPhdtZBsd4a0nHqQBlAYVfKk97J8DU4V%2BEos9QIzZyQiq%2BgUXbfiJ4KtsK0vcoaglEcd5mzYHfutIdmJxgkPWmA%2BGVgiskQUkN5V3ayQ46ZhCU9UjhNw6HeLGHaLIlVoUE9Evoo8BcDdvHwqDVfuHk8
孙颖莎称是否出战混双会服从安排,孙颖莎称是否出战混双会服从安排,孙颖莎称是否出战混双会服从安排,/l?e=ebfbycqVR3WkSp3NI8hbgM0SD1yJzzyPpMD3UTylMRCtgK1AzOHA%2BOR6CcJW20c90mFZFhWHLgfSGn4dSKpgYY92zKH991nBXm3jsx9l70VR4TnXPmD40GTP%2BNIyBSpBabMr4AxJhWLBDEJQobefrCMf8BQoBGmrkg29eTRCviZjhJ2dWqBei9A73a4Uc4vlBI49yMl0ZM6c6HY5E9qPewCAQ%2Bp9kp3HSVKTtxN3WeasB3Hc8SqyLG8ReJf0nwDBLCxxHQO9l%2FBbqpret2Jp6KI9KSLMbkEPH%2Br2K8HR%2FfWy0pU1cwLcajtLOjtd4ZEAr0POubUfv%2F6naMrgyctaUk5aoKlZwd54byDGJ20Dg0C%2BoJtw7LkS67o8QBmWts2IlsqFQQ6wmcjouxvdhy63uBDp8mOisY7XGVkByYRhsLD%2B8Nviizg
农村土地承包经营权不能作为遗产继承,农村土地承包经营权不能作为遗产继承,农村土地承包经营权不能作为遗产继承,/l?e=015dql0WCLh63UQWYPphvWr1Nt%2BbOMq5PPBu1yD%2BWagfoBKQeHfCMlIpde7CFOeOYe1io53aXfWGC6f3CzcAyOjvT6fapi15C8O63u1cEcxtVox7RbBcjgP9OgE%2F19IDPy3hNORIUAKmcluk%2BPErndAcuADEj7TbAp6pyCz%2FpIyX9MC4Rpa8jQ2aV%2FlHTtUN2lSs20ukq5LsGvj7H27JV9Dy3RnQKix8IeX11kDpfDk1012fNa0Akx%2FzBJhXHuRFwqvZcbfViq%2BnLsJfYHhdvS%2F66uKDcgOQzoCuCaoWOW33EVAI%2B4P3oKY83BT2Dr7oZaeI6Ni0GgotqlOGxu8eHvv%2FZJ90YdoqvOL6d7fCwY5DaRA7iVNcG3dz6F5nkt%2BQjV5wMy5%2FJCb7nrTN3HbMjIUmiE1gs2uDP2YEjuBXCUOW3owQ53tVfXUb1bUZs8fP2nOuiNJYQ3VCeiMD%2Ba6Nd%2FjFV0U
A股葫芦娃,A股葫芦娃,A股葫芦娃,/l?e=6dae0PVg6vpu%2BOiL%2BZagWAENwvos%2FFtJemAssCDQcMwoM5IgUXN0HvDfLyA93WcUnJ4y5NFyGwNbzInCLRE8fbO4yktdAtK4nnm7Tzi2%2F3H1WRMUGNO7I3FAefbJ1H9p8GRG1%2BjjhAZMovxrGWteyM9G8pN2run%2FA4S6Ra0MRq7AThdpyAp2CYjtE1Htq3OmHN7wfBOqv%2Be9kp4UV69kKKbI
蛇年将近A股葫芦娃疑因公司名被热炒,蛇年将近A股葫芦娃疑因公司名被热炒,蛇年将近A股葫芦娃疑因公司名被热炒,/l?e=9ec0TBST%2B1zzM%2F%2B5xFw%2Fy7LYKnwYSqgqpnZif3%2Bw2mK50tYvuHJu5403ykUoNesaGjCPuBtYPGRT77xcQVS3tYsQr7Ko335tR%2Fi2W%2ByOgYuQ42xpsP8VWwko1pmetEgO4AaX2OunBIDns2nL6hZ55wQrbZMuMtzG99jL22X6fynRove66CHZDfHcNV4wd8oNJtyC2GvoymE3mRtDMSunqPJoXETM3n113gCIo6Pk43vWfjPxAkopPb3O44RXZqZe6zEq2g806ZwlYRYajrDHshNTQnDygV3oPoW2HJ6PEWN5EkF7Cbw4PFXpQKKw65iMWwiCfgDflHUXweBccH%2FIpDM03lz00jfYY5QkXmkjesljUmbXataMZTAIolAWPkSsrMxhKcUInEPTXhy1UAovSKWNTFshxKxCGEVL2swV32Nn5DA3wRnTBBqZ6lCnEAlrDExDWOEj
王一博主页1小时85万访问量,王一博主页1小时85万访问量,王一博主页1小时85万访问量,/l?e=24c9epEsiPqndv44i0J53Tf9cx1DWd9IrpQ1Wx2FBGCRJXkVgoP2BPY67BPbZRyQDbUVvWI0nsFZzVBclhaYFAC5vHywVoJgQecy37a1eAy5tJ4fMmUxh1sAs6jf0o4eHbEOQvVi9PNk08gIhofW0mL7fP9h0y7oBAe01%2BIMv4VpHzPH2vfcx%2BC2U1WET5bYY%2Bz6UzLoyR43s2TqmLr5%2FEz1NRcEFLtVYbYewxpPCjKahRRJd6jK28zhrZM5iGYakZyoqIhvMX%2B6Q0vOrs6FUakqX2abBDzfdJZVAzMuGkBbt2cHdJqJVjyrz79bah2m2eX5iV%2FXyiajl2WC6svaSJKyvqYnAtRdTmzCV4U
黄子韬 callme我去干死他,黄子韬 callme我去干死他,黄子韬 callme我去干死他,/l?e=d443OslsXLSXjJiKxgqe0BBvcGettZoJUSohfLJ4qbJF4yIRszNuea76xdlc0h%2B6iIaz%2BgDcb9BHRE%2F0Wb2OdEfUw9Di%2FFt0WPvcyWqI4CD8u9x96BtQE8s3mps%2FY%2F%2F0wvEriC0UCT6pP223NjUgmNsaAwdnWWWIl5P5Z0lXMZixJq0jeQD52VPZE0puusXvsEgD1kd7l7E0Ah5s697n%2B2ioWB4g8tDo7UBXnEjY22fNZ6ZkOeVJgW0goANbKPNFWQkLMXw12Z8Enm2sDODgbWrG5d48lKljSHFRmNvdSn9VBQVQWSY
王楚钦又遇到不给球的了,王楚钦又遇到不给球的了,王楚钦又遇到不给球的了,/l?e=da91DN8ouMbQGfpKYLdK4kPT0w36H4O%2Br6uumfW4aYy%2FmC6n58Jte9R0StzKPQ27RDHzMyoFWky%2BBYL3HFUmIdW156JvF27dv%2FyXKGjQ9V3APXh3TfIXwUYLvsudNTd0YTa%2F2cROYfj5b0nz7Kr15LUFnVHE0CYBkkLaZgBeR55hTS3pUnCh5KZVuLIggISWtdVpplvVZOMSOFPGwF62dSy%2FnFr83%2Bzy6yYZG3pJVLgssctZ9mc3PIfhhaWkeO1kiv346JpRwLjkuMUcyQs96PovmyolJfQ1Hqcy1Z9YzHl1VeQlXAwlwcfQzXN%2B96MHAOUHnx%2BsD0K423D3jZ5f%2Bhe8r6GQZWBPP1A
周深小犀鸟拯救世界,周深小犀鸟拯救世界,周深小犀鸟拯救世界,/l?e=8ae5wkZHo5cZN7OZciqFS6wvCwWFPpPa5mYcOXXA%2FuveDXiGf0vSjuUpfnKlKnwLMZjQs0CBqLKIJXHhvgxxQPM4dvHVgk5m7W%2FLS83U36nUbhLgkPzzcz0Bo6pTNMpyN%2BOpUGPWOVCNXA%2BLfsI19VGEzLeL521rM1ELgEh3jXw0CcEvFE1NSJvgarCTjNT8opStH0RSL%2FZvaYOKAbM0Pi4O33PQFfgaXT8rniq%2FveXnncgNp9aj1Rus%2FP176n8cxdtx2wEN2LzhTiXHgDbdsdt0maAE4qPLAUb2yIl676oNaYt0Ob%2FpJ7bSUYc
于正官宣吉天照女主,于正官宣吉天照女主,于正官宣吉天照女主,/l?e=565fW7TlBOMfhatr%2F59CWU6Bcbl1pdF9M4hEiq6NQTMyBpxjtgLlgmhDq1OJ9v8Kc3511Scs1mgPKNO5PVXeAJLsr8uxn7%2FXTfXhqWuEOi0gG5a3mgbjyFHBn9AhtFlcGk04bRpLB1vm2fEQoE6nWA%2BrNcQw3qX6ZjDb7ZJcf6myp%2FEBs83yLr5cIr6%2FBaR8rJB%2FNfHsxs0iVXTLiaZoXgM17tCTsIfUPOdOwA6AYt8qXU9UY2I8%2FAgZJbA627tkpjtFmJbHfxa6Ii0tguJEwc%2FQslPKYAFSD%2FWs1tLQQjUlNLYujWKaPzFikMw
孙颖莎说时刻准备着上场,孙颖莎说时刻准备着上场,孙颖莎说时刻准备着上场,/l?e=2ab6zAt8GRttgAOKJ%2FmQ2v5D84BFljHPNNQZqoBkU0PNQm0H5%2FC7MbqXjo9X4lcxJnMHWdL0%2BO9PkYw8V%2B74Ij2XkrCFzCcbH0lKeTr9XRAySFVrT43EXnI49xp0o%2FFmjtqOSMinTIk3fccy0giChUMefXUe5510khrXbuUOGWNtKutLRgXTqPN1q3uLcHGCWTTHtx6OCPWAbs82IFGdR26qnCX5on7ycjmvELfEMQ4aGllFD6Z1esGZnYmP4rtWaizRE3cSOlwVstRc4hJyoesOtyMsVTsaRXKuFcnB%2BnT4f33RxfpZVKaaRvz5VF2jYC%2B0vuekKLQ%2Bgto2WbnD2V6BY00EBnwWXmc
国乒回应8比1战胜美国队,国乒回应8比1战胜美国队,国乒回应8比1战胜美国队,/l?e=c4ceFsjBjYeCiLnL8mxouIPnMsSJNhwkZFWs1QQMOfUqmZOOYUGSgeOMgyJuNetylx%2BlTBIczrgCxwdJEAGm9Y5d88wU8gFhE4KB5BCB5R3P9nno9Xr%2FS5K7zUT9TG6capmuWIftr3yAbVbfJ4lKNtwQ5jEEaWOYIycERT4eBdKjoTeaTCRTdyDLEKFnGQ58HlPWKckmz8Bh0YeKAX1Q7I3hlY%2FOknyx6G5qTiROYD5VAGWBsF0h4NT4fDpg2AbDCDlm%2FlLakklCaUZWjzkYadrVj3d7bMyIeN%2FJDXAqK8Ib1lMyEjUTspyVFBHT6QTgitUQq8P0YABj0cejQw
季英英分手杨静澜又唱又跳,季英英分手杨静澜又唱又跳,季英英分手杨静澜又唱又跳,/l?e=0997ZQeETwud4AwoPZDuGm%2FPSlPCGDzvu6Ck9IrOKhqRWM7qd0Qr92XQmnlO%2FRVyFd2C8cmFHvJivosP2ArsgJi8UmC2hCBorFw506dMVKmOJXO40P5fY0GwQ1u5ajNH6cAm1eFlNw9up4%2BwKGJFBRd0EDfIRy3976e05%2FjRVArYYoUvpe4Qs2sRT7ghFtMyQkGVkvi4I9q8b2uWQ5GUcjo%2BTMIkG84YVs%2BNdPxKwbvwJf8Bt21ysdun8HmkkTNVIa03a01rugpozv7Ay7bLWR1pgDkGQEEWDgDsmvF97DJDvOc0gztJ%2Bs2kX1kMjkiUuRTK4gQsSK3kC35Rxj%2BS1aAqVV3ngd3H7hALDEcT%2BfR6fP6awX%2BZVTI
女生一觉醒来发现自己成素描考题,女生一觉醒来发现自己成素描考题,女生一觉醒来发现自己成素描考题,/l?e=8fcf13%2FMRfHtgMFMjVpkD6ZrIib%2BRZPOFMeXuifEgNVhNXLfUxMxD6mF4hsousdK3GhqbwkzoNIYOzeqo6EItID3WE1jATTXyepFTmTDNC75qw0XJecAXYNhSK3jCEiT%2BZFnzheUBnk9V3RfqCKmyfiqQcTx0ycMNZHXvf%2BBPBIHWXLHybXBID59aZMdzlDryhfQHJ7CI68fD3QDpLsMWypn92ZScApbQ3JBIcnwOqVpRfB6b5swOOeeKw3CeW4zABvgG5Lo3mCheON0xT5DKuGMq%2B9EiG5frDD9QjXlC%2FL1OsnuoQWIn9aSNQiq4SNXnKkkDBwowheiA6f3npTjniGtFuMFMIbvb6%2BvmEfuOONbqUz5Ou2xCiT9YDhWQPmCEKjw33hw5zltM1YyZOnHzRyGpBkuPHs%2Fw0VXZOjQOGJ1uqWhRfs
柯南M7妈生初恋脸,柯南M7妈生初恋脸,柯南M7妈生初恋脸,/l?e=675eP5vHta04bgBqqO6MRH6Yu1Mjj3JWeB67CPStJcCcidBg%2BhLaY9AmTmUQh9qezgomtmYTzA1uC47ssVz1GRl843SSmHnEwdaX%2BQOAj4OFdXdSVymS0Wdw9mPUqrxxDGGwKFssIbYHXv8153Ez7NIle8AfHd0GaUTxUrzPmYOgzKThIsDX12kbsCxSlXoGRNmw%2FUkNG8cgLik8dN9OgFBjPfb1HbU0DtMYp%2F5gxwmVT1Anmk7wT4P%2BmpvUYePUSK9uhdb4W8scmZrvCtNUqA
王一博低头vs抬眸,王一博低头vs抬眸,王一博低头vs抬眸,/l?e=f8e5LuJoIDRdrDW2oJu3q4%2FSbNDwxl1bip3OTJWOjNHwc5ODtkbrBGhdhnbjNo3K2m%2FfVfZUwUOH7K0%2Bnq6nx2bbJjmtoyri17teJCXAgeDtWT0gETAj9fSFAMsHeJ3O%2BWa8UL0wbWXmsMbTu87Xq6W17EavmE7SutIoG0L52svdAyKZEzHtLvUXSSi6IbKjezP9qezKGesxcJ23TenImzAuf30GTf3g1dweRsGjp%2FRJajOTaZSqv9IsgOOnh3TmedjwfGRl6DV5mcVYOjTWGg
研究表明艾滋病毒可潜伏于大脑,研究表明艾滋病毒可潜伏于大脑,研究表明艾滋病毒可潜伏于大脑,/l?e=49d7YMVkHeteEPGu5cLLFypiU%2Bzcsa47D6v1XTn4uzdnEsHGCizflcuCEWi%2FzjE%2Ff7i%2F%2BiUqBzr7QSzISEAtgdattz2ugFR3fTyjNPbLsIUhx3snhZYYblWwcZQo2DmIijr7hGZtuTYeLK1PGpjXMx5R0SK4m%2BYkdCq58OZ6AnPr7MRZkiuEXFnYYnovLxxkIIZIv8tspSdayJsP153lJFv9MwfX1lMYkyWFRU0izVUFwSxXuntpHOyVvUvRODjmAsi41G6J%2FPXb1VV8zAHqwC%2BthrDl8n%2B3bwxBpz%2FijpEpRngGKzzMgPESPqUerLsR%2FgUwjIhDchf5Xj3%2BXPo%2BDdPrcmzKlUXbAxYE3SCdOg57K4DL2p5rLoCJXTyUsIsyVGh3gN%2BxCtU8PkLMOAy2QMwcBLo18Dg
2024腾讯年度好剧推荐,2024腾讯年度好剧推荐,2024腾讯年度好剧推荐,/l?e=99ef8X%2FZlFlt2IEp8iwF1JUg4gyaIqrGZJHkVBb2VzPOlIoKscueGx7o8%2B0Oo915U28TkbSluGypbVXCS0lfSwnOSSBx1q7Oq06QOs0W6tSeZn8TSTsmhFaSTr6BqQBCMvj%2ByrftRjXUN7agT7qy6JWb04P%2BZh5EBKAspnmbVbPXaUnW%2FJmX7cCTlEMsD0OJFOZBnGTTF%2B%2Bxdx7OS2dVHk2jbFDyVrjoqmcgQhEAIyxjL%2BYd%2FWn5exClFWO0xW3%2FgEG8YI8Vti2xjMtkTN3r3hol7FGNGizupPGBuapD0NR0
周迅斜纹软呢高定,周迅斜纹软呢高定,周迅斜纹软呢高定,/l?e=39c0HprXbB040PHKTk%2Bowy1sDvhi9ZsekY2dmRI%2FEiBfatm%2BVKszQzEeF7BjtM9iQ1mNVT56cVLsW%2BY2zqpDOTPa0GCEvY5T6Dmo5oLrkL3Tg3G%2B2RS81KetbDnZp2NYNPl0I5K56EuxK%2FeOKG0pFukfxyb4mLN4QzEf3zyFuVYnf2cxYi5p70Hz%2FTsEUHsssN%2FtQRqO9DaVlfPil7VlTCLxEb8mm9tE7vEqwbwoQexnE%2FUCf5eg%2B1ChCzKcSYZCrCIHUChvTF6mdF8nGBwV%2BVuA%2F3L0n%2BKA2P1R75M
明天也要和毛利兰在一起,明天也要和毛利兰在一起,明天也要和毛利兰在一起,/l?e=00de2YEaLubmLXTR7UmmE7WPL%2BK2t%2FFcOCX2ob1Wj%2BHfCF%2FYrc6Ls5lyqthtfrmj%2BmY9tIBjZSDBMB04etSBEMhOValPpFLHboiyq7rk%2B4Et0qWcEmIvpHy7XMlNtjhS8ehPaU0c%2Br%2B2CtUfdRRZ%2BhV2hmOpDlCF%2FaS%2F8qQSTxFOslB3N8CgQM2zcr4rtEp9XrclPm1jwaTvprB%2BpMgqaXqa%2BJVF4FsBb18tjumAuOVk8EemC16QBupA327YGWA1q5CQvYXRLHgpAGalSV8LuXcDGhb89uPPRUeRf%2BQJbPXCxpzuESMS0oZLpoYFMKw2Q78dDC1JW7eDCnx51vzFwlHXTG97QnOHSYo
章若楠直播,章若楠直播,章若楠直播,/l?e=b104jP%2FCWVjGrAbOK6GqUIsUbqMcQqAQiryXdtxNCf%2BUE73Y3tFY%2FPxVHh0ICQPYpAH3Dz9tUtVpcRz1goPq5rUfauZmsEKiFo3%2F%2FKOW%2Bwdak9020EkSbFiC20TSw4GRVHT9tqHQPuZ0tPH5DiwM3v%2BJKMwGviyu8ouOC9n8w%2BqmxKwkPBZvnujGaSIn40K8B3I2ZMcBN5zO21Ddcqw11Wt9ffG5XsMwzmEqMWsEq5g
黄圣依家世,黄圣依家世,黄圣依家世,/l?e=b642PkN6cxktfVJ2kuk28mUNNw7AzVvccoBzzyz5fMvC933M8331tEzuJF35Gg0CqpMo0lBHFk0fUyh0NNzulJ%2Blvr0PhmF%2FswBH4k7opd5Nz%2Fu0EcTinfRWKWm3ue8VLeXH6w55D3LFDXT%2BHfvweM0MTupj1QtBCQoHfgRZAqB1LcFPkFKVDkDpoh1sAyLLaXUm%2Fsvl3na6OHLtgaVOnZNFlxQvZgVzhtjxEUoNiEg
北大父亲为60分儿子崩溃怒刷心理学,北大父亲为60分儿子崩溃怒刷心理学,北大父亲为60分儿子崩溃怒刷心理学,/l?e=3642YvkbkALNed146YpERnhRTycJU85R2CerLG4jHbz6FhDWHd2YDqC5G%2BrgWWIHFoIJO2ag5boMAouJlwz6jKmuFWXeUif6o17pJYnd5ou%2Bs5M0X8VIwlb1U7sKHhNqlEsnj3KvsPL66mkmeQ6H0gfsGRkJD9zTYKsciOrdU0xnG%2FRwjS37bkFwJwa3B86ogxahty%2Frxz%2F6%2F0h6vPkVwEXnQbsFuaLmrHpe23R3ShepNQ5%2BMvu4PovMRljcPThtALmEu%2B8j9%2FvpiL3GThJPy8jlGRdXFrXUw2GkGPLAE4WzqS4kpSUDqvDRYtibYLywl90GM0roCEdXc18ZT3uRsgjERe3x8X8VHlNhOuz5nCdb24Z2%2BukbWJEJAlIBPcPpQ4rhCZwahAi%2FGppd5gPtumFU7gPg7oJbDl%2BRJ6wXKaVdDINBk3VqCQ
阴阳师 老铁崩不住了,阴阳师 老铁崩不住了,阴阳师 老铁崩不住了,/l?e=f0cdNjXux4%2Bn2RDLaTQ71RT979k%2BdHygkDRoWcP7BzmbGYNwEyZRJtE4ubuaUHVVGcf6lUNlUs0il%2FoBg3vwmpty1IOzoUAa9nnqG6og5rKuWxTwUP2rRVMZyso4icjXhqqIPXCLODoa1qKp5Zjt1RhyYEMcPmRSv1PMi3IdSPkrpD0TYLF3ul3ph6gUtZVEfMGKMXIyl1O89sbqCp5FTO%2Bex7PNa%2BzaD4jIyK7%2FANwiu1nRwqNOWVTKr%2B5F%2F6SbD6SCtUk9kPzfaXLcT9US5yPoSBD%2B7E9bm8NjuMz9D569F1uKoRGZk0RIvW9ufuA
星穹铁道星期日PV,星穹铁道星期日PV,星穹铁道星期日PV,/l?e=5be6fFu06c3liFdTqnlvtPXSf1RYkkH1BMUZg0KZ7eHt8BDEvzJFdPSomrz%2FB5o3uhktv6h8UjJXhx32SUpBgvzTSXlgekL8RszEgGaCuSFfOxDcfTs3RAYORPrE5uHX0mVBNyK%2FfgF858g2FIsM0nIPSm9QzONIgl%2B%2BOrCS9woOHESnnCPmPdh%2Fu9Xqc7ovNjTYCvD9WTWg7rl1EISGflOp6pkQMPhAZ0KEYw2d3e2z0xDIBrep7a%2BZ7jb2B%2BYjR4fSc8Clidmf4wF6iZGFGg
英特尔CEO因扭亏计划未达预期离职,英特尔CEO因扭亏计划未达预期离职,英特尔CEO因扭亏计划未达预期离职,/l?e=3bf8IMD20xnKGdmv5UHvo0fuQoWxFF8eAfdnjnMA6TIA8AirxkkeyUHjn%2F3bi5xcyw6x66rvrCVuHfKyL72Deh%2FfszbnEH6xWL6Mugt9bX%2F6gc%2FCXBCYfxCCmXnGhxEJl21zCWfNIu1UH3wBorCj8pu74KsCxcqHEdiWfNuNyQKXZyvbFnSX3%2B3pUy9Pf3SAwVuJs42RfP%2FupN5Z2pTF1LWWppQezFefluB5Gnzi9ErVUBNbyUQi%2BBdnWkalk%2FhxCbdg5oDZ%2FN3LWssAl03BKd65MG09RVn%2FkrB31rXSBYzDhX8EtS3idYZPftlRlSFivWlccvmf%2BdEaN8170GCdiLhsIFjy8vbObBcQzhrC5p%2BRRrXf6502qqJ9rG3rR3xXi2NIKwKfRHgMZfM4jHp07lzvIQGJ%2B%2FmpKH8
尚雯婕曝披哥把浪姐东西都搬走了,尚雯婕曝披哥把浪姐东西都搬走了,尚雯婕曝披哥把浪姐东西都搬走了,/l?e=175d6t7zVtLZuEXm%2FQcL9A3lVKx9EPH4DTxINrlZEo%2BGSmAwki19J5yPx%2BmCrETUymVINV90GQ3spLPk7x3WhwT5KvPbx2lhOwf9frihIS%2B6JP0OBRMbm37jbCQPTSGXAgL1hYTl%2BCnubePYIluwo0X1%2FoiVFKNvjulmSJ0o34jn3KPB4AZjrL5sw46Y%2BALIn7Da%2BbYOtrcDhlwjTpT9iiSsAn0hexVnkOoVTAF0w5MtpCAhsp%2F0qCz3bLQaUakykGR4Si%2BvEN2ocWXE147RspLWRPLAt65J4O92z%2FKNyGes7U9ALHxp36tTMws5mBV%2FwoDDrO6%2Bj7pDpgCppS6Oe25CEYbxijsOh71PPkEzfyDqpwy4wUGmuh9ZP2K6wASAlGyOI4MNwZVQn%2BNv8Hjndh4rqJgdMqTwQipFaWMmFy4xeAr6I9U
基地回应福宝状况异常,基地回应福宝状况异常,基地回应福宝状况异常,/l?e=32f6zPEIN6nwTcgLuqHvim6YRnablH%2FaEZpdT1MWzmLPiR%2BmQCaqWoH7vH07yCKYzUhNGHHTN2lrvHrWIVgPIMElTtCU1Z6ea5eXCPafymXtAAL04VUKlwrITN9nFo8l%2FG9D%2FkoMGr%2FuagU9DAyjEmskdI%2FPx2BHHCBfSSei3NJ6BZXP4Aey1u18sYnH5s6DeHueAjNTm9OAuU6N%2B5THuChx9tOEZyrGmFv7he1EjOxI3SoZRJqsVf4Bjov0GhKSV5OFRL%2FgJ5%2BUnZx19pi8xVsl2Al2edXezi9AQydv5n6vHTW%2FEZNSytsmtjks6DVFGrntx%2BXAjQT7f8M
孙颖莎回应莎头组合是否出战混双,孙颖莎回应莎头组合是否出战混双,孙颖莎回应莎头组合是否出战混双,/l?e=0bfabPOzGWgz40SJkaiyOAmHE%2Bn6HZjMuzt1wI9E1GdUkkZMr5DYummdUnYwu%2F8DQ5%2B2t54dAWsrcupum9nPpwtwlw1nBOJRidVNUchceBGx9kZ2Wmb%2BO5xOcQ3gmIWpHt%2FyVlHOeZTB17OFo3wDsRFEJHDe6wrNZj4j%2F5Vx5yJ5ECvaKYAZLMnbldTTD8r3oDUoOPBh%2F1pougWPDaHL0U7u%2BIYzc2%2FU5TzXssCeoBTbvWn9zI5W5VXi65sHz6ontTHFqZ0w4mvSX79DhTXjfRrTAYsZPRc1KKtkje79bcEM2i5ZZYWI0sQy04IL6I%2FwTXLRiQ3DRsn4fS3OMbCAt6dTzuhrbQC1JwAwAt5Xc9SNJvCxuoZnHTMkLNFUA6b8iPrDmbMzETUpxTPZ4AZQcEqK012oqag17b1FNkJYc1lqLh2dowI
孙颖莎回应签名只有莎,孙颖莎回应签名只有莎,孙颖莎回应签名只有莎,/l?e=90be2qs7Se4nLcGE9Nio3OrJn21iag%2BsnlGwX%2Fyhxn16OpQ8TXtm%2Fxr6w%2Bjtl5fe%2FAAaatDNEl%2FN7G%2FBWb0EVNkM%2FNJLBYi1TRv4MLymSGjGj9ujDDsSPlzg1eISy3q%2BD0PkV8uPHEs8hGkpAx4dB1Pm9qmI8dbCWt9ZkaDb0%2FOwIcbl%2BasZGQ4RDCty6kJ%2BeGOcb%2FvBTRr8f%2BX%2B9KheqZimqqMdF%2FEamlaD57YcZ0QdUNdeMYSTi91y7q2KW42B5Njd5ZTYH9R%2FZzl%2Fq%2BHEhDdIMw2IkfdJ3yMy3Zi9eKTdQSjIHS9oLqg%2FtrSkdXjf3apqM71p0J%2FKwbQ
工业原料摇身一变成正品农药,工业原料摇身一变成正品农药,工业原料摇身一变成正品农药,/l?e=eb2f9T2lRIvKhFmxH8LBcbipfd8yxdbq%2FiQVNHsMX0%2FgnDodWwg3MvpAZXxGfraZ%2B85iGZpeU8gl6Utx2HPFYec2OGw8fKHtBDVUjDNN4UhRl6AkoFtsLdq4OKhDUokVI1suyFbMDOsWbgDZBJEDly%2BMzT6cIA1vD3KgtyUQSGJpew2vdavFYYDksUyIimdWxGCdcFVAOVHKhmCmoN8RLkpl%2F0zwOmWdPYywIMxAf4PxRJfOubMGiZCv6SVWxYRFnAGTDF4uvkDp2PW1y7HBFED3kriA3LXv8Y7prg%2BxI8ec212hIujQ3ktT7vJKvzv6lhoo%2FxmgBx6CO%2BeixLNKAf8Ti80GcZxhl2GkPNL4RhR0OruJCf%2B5a7P5yJDjNfDh9x%2FqtHIq85o
福宝将进行全面检查,福宝将进行全面检查,福宝将进行全面检查,/l?e=3932EFcUgW%2FtfDbGg6fYtcAjQkf7zvrrgpOZZPeMpKOOBziiGEBRxcPZOGq%2FSSUohAIxtR0eEMRyDttWrfyHPZOaDBg2R5%2BGEqDXj8f1EEalhT4aYNLlsKSqv30DatRK8P%2FcPqRHJalFONDR8pL67U7KB7VYW4J7ke4UAub1yn9fVlAOWgF496R9FVFSz6eonM%2Fou7zEVZkA%2FnGAizgutfxh9tMRR6OeE%2FTYx8hMVdIs7GkuGvGvei02oyJ03VLsS%2Bi02Rl0zA0mVTYw97%2By%2FQ6PO6mmaJPu31D0k35eaPlKlIkyk53WwnvSExg
吾湖兄弟重走来时的路,吾湖兄弟重走来时的路,吾湖兄弟重走来时的路,/l?e=f5d1ZHfujzUaCTfr9me0EcIjdSFBPrH6j4HVbA0mKGaKGJRarWaCKdcEPdBN3l3gW%2FysUjW2WEp1FxhttIQwxpf36Yi8oI4KUhsxW8QtLcf412ZNJ2eSWU%2F95tvyqOcBGOXf8Ea8Fy1%2Bi6DXgXmwH8YjYLdufz0s0R9LlXoDe9AyqJHl1Voo0GQL%2BU0L%2FpqJ7UR56wEgWJzgQ2Rv8kt6Xdry2CQZ863OT0AO%2FYZ4yTMr%2B6fY7yKnMF4qjsosd0ui6MnF35Gt%2FCOuW1eBwQUBIpyhJiHbXuKLFPuat6RFQBPvcQEhmN4ViVW4ZSQ5wg0zx151h8q8t%2FU7%2BOg
艾克里里跟杨紫竟然是好朋友,艾克里里跟杨紫竟然是好朋友,艾克里里跟杨紫竟然是好朋友,/l?e=35bfdYf8r8wNLHcYTqNfw8ZDm3mWZnKPE6%2F9NJC03YrPgF7ks5t%2BL5zCPia7RdTzs4sOOV1DI9XBhImC6RuBWzbinLgRTK%2BxYBJHt3WKO5aq5YFzCjUeEXa%2FznAXWylKmTicRDR0SF9PqW%2FiawAa%2FMbyZcHDtpf4cYSJijBL6%2B2IAEMJzaU7poC7o6moJ2GjRX89Lru6BR84bwu5Ienx2nvEbAlFZorBB137C4QOTHb4HBDoTJ0WwxYh8s7pRaodfV5JrjthQ1ZqbvRBfYU6r2FDUxiArrOP6tcG5CaDqbzqN%2F008x0G3upeoDyHPxpBk%2BSpF6wGUiTccQSx4%2BjS3LJUtzxE1jjrJe7W7RzFgKVrAF7Vzw29aeAOP0mKSDfVZAq1i4v6ldE
无限暖暖送100张迪士尼年卡,无限暖暖送100张迪士尼年卡,无限暖暖送100张迪士尼年卡,/l?e=de67oFgoBWyXiPutcoc69nqAH0cba%2FzoHyFiwo9%2B32tLtKlqDIbxehnNbbDDVyxaCVSXJ9gvCo6Yg2lgx%2BW81j6P%2FAwixRTs%2F3Djfakp5KZqB489MW9aLe4ukFQM25r4Q%2BmcW117KI8HbuxK34YLxdIm9dmJgds8XXCnA310JTBKn96IXQVJnjZ83FxCrpmV9KUfTrQ1FN%2FmYrKzpnwDE%2FgNZk9EGGVlKCgvaZDCw1CK%2BoZT74V5SyFEBFWp4rLDx8Z6xuNLC20kW00EqsGZGeDQoe4Qwn2MTHxrv7ym4SmiqEygSbBSnwh2flom2SwNKE%2B4BiaZk0nWLUnzsaDLGeUKkm1B39g1L8qM5G0
工资被折换购物卡还限额使用,工资被折换购物卡还限额使用,工资被折换购物卡还限额使用,/l?e=b376f2A%2FnccQ%2F%2BBmBq%2BV2Bg%2BA96N3cL9ZSjc8Pnl35daHJndzRcAKQ%2BmSWYsgnhf9VkdQwch0MMnsNUBT9iQ5kxcu9HWrzt6GgDLR3ktjeATpv02YQPBKH9aezrzuQypTy%2B0G6CSBzZ1a1TBCmMRUUPNBEcMVhugOL1rPz6Fa3yb8mkviIN1vTOFN%2BB1jsPMihVNsM7vjrUldVPx2WoM%2FY5tnpyNateSSVCeVImvV%2Fc55ie89bDTd0aWKkAxm5bV1Dxq32YZk%2FmDqS8ujDFxPo%2BiZj06OEBqKNw6Zux7l1ehyFRVCI%2B%2Fiipofe9wWCl833DLx9TNFWbp9aIUTWsdYWLf21GMX7NQ%2BA9l3DFFCpELZ2JH4m4kcgL9LVSmtCioF3BE0PrdzkE
被AI换脸造黄谣的女孩公开发声维权,被AI换脸造黄谣的女孩公开发声维权,被AI换脸造黄谣的女孩公开发声维权,/l?e=5201FSdfipWtEKCq7jkL8asJPMH5IEhIK02GMF1%2B33i6KVifz3ujm0Fl335g5tfx1P9Q8qWYM9NXG9n6NRugK86p%2F0nlhVj7yWWmhStwW%2FQEOcx5m0Gl6Oa0bhV03byHVbRSapEBgOujIQRo%2FQ004dpVYkKb29JZq0WSp5PMHtfnYC8ZOdO0G2mGCM6LIc566cYWp%2BUbhZ0OqzvXE6CreZ9eHGNP9w%2BowknWzVzhg18Z4hK5VefsSOdLIYNjCRoRKFNwIYJ2TRvw%2Fo5sRHw%2BaiBDTXalO%2BLZQglebJZ2vpAGApM3qpo3Q%2FmFXs8DkvcMUhObMFJLFiK%2B9XuLx5GdOdAC%2BOWMO%2BohA%2B%2Ff%2BzQV6cjD9Ov0IB1dyGOrbEbvofPtWNqqlDDRH8MvtRo8k71IpaQIW45V%2FycDJbnXbOfI%2FyHxoZLq7zM1Ew
