Rank,Title,Heat,Link
2.,男子欲潜规则下属被拒后称白提拔你,116.8万,https://tophub.today/l?e=6ed2xhupFBhpiVp5uLUgv4LgPwMHvSvak%2FLZDAPUlw3vubXhG%2F6iJ%2BjYG3L%2B4fnPoKMex5qumApbRxwFEqbS12qd6VtFpWZXiZhr6Bfq1bomDQ41uMaU%2FsrHpFUsa5xBQMxupxj2wOcsuMhcibPmUrGeOZEMWEJo82Kn7RhJZxz%2BeLryK8bOxBOzAZN17g150s5yWW9VonHvrljm4HiwC7Oh9AbyeYYs3HnqGQadkJamRXx5287Oavo2ujX%2FH4ZesWudEEENM9v0VcAb6ro9KOChmRgMG4zsjKjl6ko3A%2B3ChCl69rcBmojfali2OgfpJDUCaBWVC8LWcaQUaob6ioKe%2BTkswF62nK3gHQwtudUKAaNRKKPeX5yJnvgHZZsY4WpBOd%2FhahtLvFJa9LAVRmjeHDwyXhvzGO4TZS1cwIHmTsP8T7yHqsd0UTivLYAzjqxpSbE
3.,福宝发抖,95.7万,https://tophub.today/l?e=1c63SjD7TMUzbPxJHSIroPSHzu4qZ%2BIGD9Tx6ej%2Fa5KPUFm5gaoEa%2BsHQDCkYiYEAWuTy8Wx3hgs3NkynBEi7zXC2sfNOm%2BohZNyZ8YyHHGOredDMbuIC1p4SUgGX02sC%2Flv4BMsSjwRoDbCf4KR2uYyMlAbanen%2B%2BLK%2F%2Fp3Al7j99Xa8y3PvaaSn7ZlLhHHoF7KQNhlbRyjFrE6TPdTCp8
4.,请多给残疾人朋友尊重和关爱,70.0万,https://tophub.today/l?e=e1225Xe7vpabC3LaCtOfgHgT7lnS%2BlyVfPLR7RzzZNEIqQetX7MWG3HEpCOR2GB03TI4nnjhBMaWmvufRuCV12CAmnAr1Hp6Mv%2Bl1AsyJV5aUC1NxuKleZBo6lgy86hUsmMrZwOHx5zvEk%2BN0h%2BzQvjkOk3k6GYpICmXSDl7qu9Z2ZjoFnxETZoBd5cu21wKnb7GxGIRdbXGTYybf2tYxUvhXXxQAHDYfawIC7YydBQ7Kunrdxw%2BUaXa8sRSBANpx4%2Flypguot2FkIDUJrvMqIEZJG7JzAfxMOftMfWwuAFOOFB%2FVdpvBvzeV1NwX1fzT%2BqS1fwy%2BfyBkyFhaDZo3L1i2O4%2BSUpXRMe67oIOOhDPza0IDWv4fTCdIadzEaF8rqudcjYqpNo
5.,博主灰太狼因胃癌英年早逝,69.9万,https://tophub.today/l?e=44e7KCq3GSwAbqWksDLZcsOIRCtLk7%2FeZEQaoC0Pl0cISke1FAVYz1BkO%2FGJHATo%2BHFz0TgJdPp9rzxdyvPvGhnQ7cMKuq0xF4FBLYyy5%2BikJ7frgm1ChFlaiqp5H%2BXSYAzG0sJOlZWfQdtvlOLCs5BzSYqzs0KnkVQ6ZWJGqivFTCovpEBdwaytKtI2RE3%2F%2Bs745lQQUY7kvGW1aMp86i1xqXg4guwI8%2FAUqTJFqRFh4Yd092TLpUI60UBl4f1BAYTBQprDgnZLxcJpuwICJKYYgPZXAYBPYThhkjtYsniLDmRYfWbKV68Ff5joQKIzqu0yITmxPSMgFpfWHyXpFdXZqsKHLK07p%2FAzKxehALXlyhmJPL73XW0
6.,一乡镇公务员日均接收文件通知60多份,69.4万,https://tophub.today/l?e=db3fxk1ByAo%2FSC1j3TR6Ac88b8GioBVhj3T6XlQrKoTvMyyT4cx6yN7mNZrGRxneijvoaGzFbzVCdZQAGhZAyviPcmqUNYrhXkQSCB4M%2BLHf9r7ozqES5ofyM%2BFlN5emjCMy4cWmj5TIVcUhv57Js4hkehfX%2FuOOBQw3z%2BkB8kJRB9%2BzXpmmWznVZLe4w7kzem8VC2pkmOFFovqTQoC%2B%2Bwzqnq5aHMKn%2F%2FTHc1CFkQ3HZvZJZLvGECNhcyQeVRPS2FfqF4MecC4vbh1gozJ6L29JG52k%2FS%2F6bwlr%2FlwklV3SPz7VwCXDhlzWOaiLCbNxcR6uOysHdkCxhzN1u11RYNds2OxJGxAkjmVLq0P1yUwgB473RvEdW3wg9o5tF34vULWk3%2B7v0Cc0hUIMSjF4lYwm90wRAHMLJ4koCrlkvZr3PJvFVxsuyalkGNmHvg%2BlX0bQ4FT%2BwQ
7.,马龙笑看台湾绿媒造谣,62.9万,https://tophub.today/l?e=ce49rv%2F9lP1b8nNueldJI5xeg0o9%2FRAflqprBVWAtMv5ClslieQjSeRtHE5PKahRMZ6DxCPX%2F5SpAMxvIxDgsDYoG%2FFe4aGIctKr3ggeseQoAaQjgwiE8PWnHcXu9cMMn%2B1QAmBV5jEhIqz5YkSoFvmZ4K%2B%2BQVmotFveeufMShAkbByE3yREDSHNYBHfcAoTrEztK094zsMmfMJ4Hw9Cz0FquvYcFn6ziVoICoAzPrflwKEpb2bu%2Bhn5qjCTn7RMgQLq21v4G3E5qneleRckBAXDiMqnh7yi%2BofstTtfoG%2BMZRlclBjZRKYyxUkXy0yc2j%2FruI3S2hpKEhI
8.,曝王宝强公司疑涉合同欺诈,60.8万,https://tophub.today/l?e=885dUHCjOTAJdtk%2FTG8cHlbsl3H%2Fjdy77cZcz%2B%2B2%2FrkAUCIpPj1r3RNpJIjLEcTEMNHoGa3f%2BIC9pKEyPAhTonwk9ZVOkziEj534tdynkxrI0KN%2BA14UNs%2B7xQQEMtwBjEm23g8XY8O6%2FujRhldNGGuMNWtFHcuh1dK%2BWUdbNf%2FmZUmVehGycrLiDgQ1XlJ8c1fVLGTID4VF25AV1PWzds3YXDRuqZNrKkv8C3f%2FhE33wBFVCDsV7nKYnJ6YLp%2BncImk%2FSlnrd9DIC%2FfMXHKtFDls%2BHIvdesM95ftEmsTkxOviIuqrXI1YyoP6qGOIsvBLh3DBsgr09%2BPGnsEb%2F50vaTMLaSdl3aEeIkM9EoGGqCbo1frWxNdSo
9.,黄圣依家世,综艺 602535,https://tophub.today/l?e=5eafl3mK5Nzgv4rjTK%2BY0efRS2eTd3zOYXN%2F3ksIONkrKn6u0zgct8uuhTYqxNkPO6q6risOzQ9ZrPJNmJKNDCkeDdK2DFqcgZLIS54m%2FNS0egJTd%2BdacyvUXUlRmHx%2BQWRWUh9u1aInLgCyeGAJLxJKvvj5lV0D95zkU%2FMzZKGWTuocxUXsLlHV8tSS5jz6pqVvORHAMk1L4ZDSzf6xUBpPnI50VflOsPFKo5d25wM
10.,禁止两用物项对美国军事用户出口,57.1万,https://tophub.today/l?e=2ecc42zb0krW7vpjOwiXAQNG%2BvAgsUw0dt38hegP30mCX%2Fn80cARiAm0y%2F4tn6MlYHtmM4aPvPdYGXuX31xpRo47dtnztd1yC0A0tt4pmIBojDEUNzJun4fEFo%2BCyebG4A6APHymNnTDACsouW3qHUuZAMyXITMu0g4GS6l%2BixsStzmFd55fxR4qgtb5wRLWqB8eB1W1YkJBmsgF6HnOSXUUuwJS0f66w5MNQsAtODMR9wuEZ69vJjOpCnVDI4ZshYr8BzYzbewuoelrx7cX9FjDTig%2B8LFpeSMfXZEROhBq7UQmtlby%2FseZjOfVXNrRCCIoIIx%2BU%2FOtng22KofrYz29lZQUyWa9T2DIAkhNYp3QOe10ssbgTMOe%2B%2Bi4eQ4O3WqobVJGIbw27lFPi%2FaXLidQuUm1LFFNaJ9n0HnvECEicpIFwm8
11.,香奈儿在杭州,56.7万,https://tophub.today/l?e=dd31bVLQygG8Lva7mv3dC%2BP0dqBVd2lEKkE0BAvd31giireU7SHi7YqGEGLF9rojO6yCKrJq14PFxtT%2B6F13xsD4h3c%2F%2B5aqOcFc1lzhFEJVFuLQN1JEl4OVoXfPIui9BgTV1UcVKCaWMOD0zZmUfFgWpK%2FeDi5n4S1eklMecm9I3g5Jc7AErsyfnVPTHHwidnUgpO%2BvxScjoUOr0m2DDoHrQSXSBbRhwKm3%2F7go5yTRCGSK4AvCaCX2l7wEQvc
12.,豪士面包老板哭了,56.5万,https://tophub.today/l?e=54130%2FXKnQ1PPAq3SR9FQ10h95vfxtm%2FtEsqrS19fMwqq%2FZ7tIeObxP00l7k%2FTyU45b0MkGHu8f3qHezT2iTT%2B7M14yeBIPuUiqEJP%2BQLex%2BBbWq2NMhY6uqh8h6oWSx6FI%2Bagrbgx%2FKeURXMvSvBxoN4RqORy8P2j8njyFvYg141%2BqbKwbHIf5GqAsP3TuwYusaXQ9vZTeNfC0SknP92SiOOdlxXt8iItpKquVTL4fangnbveIZCZNQ3QF836RtXOq428EDknwLu6ng1JYZGeb00JBMKYEextP%2B1uU
13.,宋慧乔 痛苦只是流经我,42.2万,https://tophub.today/l?e=b4c9AGVOx8%2FLUg9KJnVZgetdszCTjD1jDL7nE4akaYJomh4H5kYVtajEqIlhG9HASjWjkH8a0UA5nQvLfnu%2BAS17jmp7Og7YcqInaX1EGG648yT2rFrBc1IOJr505yxPOIesFUIvmfyexv6b5L2nAZH%2BbLlJF%2FmSYlzbV%2BtLQMAxv4Pht1i7RpL47l2qz%2BVG0nh74PuLdape8%2B1U1VaFI3Ka%2F5EGtbkaYju5qDqpKyy0vMjjz1m60SuhpgyR6XlSP7s%2Bs%2FCFJojTb7zIeTOWBaP8TLbcJDrNSweJtrPIUr2bP7u55jHncm3k8izoAgkOPZKylZMpsDl9dxz2xGQ
14.,鹿晗 关晓彤,41.7万,https://tophub.today/l?e=01cbjPopuJyQO5NFfrES%2BTwmSYjrKVklVUIh4PEoZXYlGYskXRl7yIsMavk%2FnfEWkS34hhKC8NFTaGve7gE2GUgROBwDQu%2FjeXKU5l7%2BsydzCGr4ZmfLFCJ5%2BJaWPmBrcb%2Bc4OsvD380PzIwRIjw%2B%2BU%2FrxSveyPq%2FN4nxidQouBSbrKDbNjL4oj5mnDR2nQ0emfXLS%2BUqk6oG3sOFDY%2BeY%2BpEv0SivBtoC8%2Ff3WMDbQZajo
15.,多人趴地上迎接领导教培机构拟注销,38.6万,https://tophub.today/l?e=cbaeBHKNSdK4Lpi%2Bh3pskmb%2F5yePRxXlQipYn1FLed5mN7MGguIZ3WZQ8PaeA%2Bys8p4CShSnLlLKSo6Ot78%2BZPfREfvcWLjj9nb3pa3Ua42syUL7Nrprz3BTWLpvi8YxoKIJPhFHJq%2Bu5cMGW8TcYuC6dPI2bxGS0Tpl7GvyOxoJ6rb2EnDAfkvg47B%2BrtQH4vATXS9p0yzm8kcmiIQKgHIrAmosKJFamGyNaYqbdVCXAq3WLlrKLsLGN%2BY0oB%2Fcc6zBoEaLUNEa5wKtFfhhJ2eoaaMssJKev77nj8%2BnCgSV9VKurSLJxk4AmVISpC7ul%2F3DbXlkrYNE8VsEPmZscq6G6LC3UhqhM3x5LsLtJUnwYMjZKO3WQsYr%2FJSJbq4bSPhd25YIxxTp4WoF26qj6KDm1XqR1zWYSrcx4FrO6j26Garvr9Udi7P2rnZsdxC7JGi78jg
16.,何依婷怀孕,38.5万,https://tophub.today/l?e=1fdf%2Fd0qdCpkqWs9BzDdvR6aYE%2Few2lguCTE%2BHXlq5VfQ8%2B73BPZ3DKrocI%2BSzPC3C8VwhhS3PBCc8zRk5%2B4uj%2Bhca0zateCZipy6PlLrwGCH4alcVmawXKoO4JJ%2BY5SssGaacMsfEsFsnhmyFqFsk3LjMu5cjCHThgaoz3guULNkohKgwLKoympTBgzMRu41W6O8PJ%2BltgTAehPtGgpv62%2BE6I1macyCylFjdFYQZI
17.,韩国演员朴敏宰去世,36.5万,https://tophub.today/l?e=6119qb8OsszHITPWm3lgZ8MpUvAINKxO6hW%2BegNFXwrz3QEv9zdif0utqyGiiXaedmlHbCFtDhm0PwuPHSh2qazbjmaPh3%2F9rHCEV%2Ff5AehsbDyjxuPGM0XDwzmNUcWEQiXvp0pQD1gnb2OqluycWpOPTn7TPPp9opmr%2BYQUgGwPAC3acmtrjEashaTHrwkcyc0K%2BqGKdA5X858ozqIH2dSx0Lc3%2F5w%2B7ae4O09gmBSL6QwPKiyttmPRIFIFg3X4ohbg4ZW%2F%2Bs6Jp4%2FTWlvr1Uv1MctYyPUt%2B6dV%2FNfuOyehh8gcoTqIZ0AcoQg
18.,老板接44元订单竟涉嫌帮人洗钱,35.8万,https://tophub.today/l?e=a4dcNlQdB0s584ZlmQmElndz7S2LQyTll6AnfjVaaHcviRtNp7z4HWxCuyAbENfKp6G9%2FqU%2Fx6LFa60y25qDY04xvkt0bWlC8A7qimgsqd4TABNO6DmwMpiTPZk8MR5nhw037Zf%2BKEvwFx5UWw9TDAQBYbr6h8ILIwiCEx9Tn0LaGYkBzLOX8yVt%2F4R84wTP7dS3TZHZNFWV3swZ9dJ7lDlvraEKJ8Yh4ni5rqykEq1h78uzyJDjvdYtQYFXKcsvCYV2i8sLioLAsstiy6sXcfG46iHXOysTtodRfCVKLqUUyRIi8BOIVzfGz5rquGMBoqjiSIwV3H%2BZoNSjV7rA2l%2Fv%2BsjVBzFy3MKAWLi7TluHI9KcFzCAhN26XAZp9snQbBcWmVTCj2iaNQ
19.,孙颖莎回应莎头组合是否出战混双,30.3万,https://tophub.today/l?e=b016nUN4prmdIAcR42UY204aBdR3US2z4tIBWglr9abLlpwV%2FU%2BEwdmODzvQtcdCezoNeQwW9TQEh6Eu9ucqN6bUCr85AOjyLtdbinpevHU%2Fb200%2F%2B5HWxNkA%2B2dq5NYERIh6AZzv7z0iRg%2FyFaI0KiaHjpqq2iLHWU3eB4hGoBh645jfZTGSAqCSNUrYZi%2B0kWSBGtMfxpOzxa3WDFCFmWfSHabxvG2yVH5poMb%2FmXKV%2FLMr%2FPDRd9soURU3CxaCXuB65Yayi65iVEuw8QJ8DlFaXH0AvQ8ggwZ5xQgRAq0UL21%2F4dyxR6eh9J0fWVV8Qssh1FCGirgRBV%2Bds7WqGyReN2i7g6KauqIXk7EvCDXD%2FdaatTErftET95fhbf32OqXPu9WdrfWvgt9H1PluWITy2JYsU0QtAXFWSZoRebHN49fdJw
20.,陆定昊道歉信,30.3万,https://tophub.today/l?e=5986KfLAxX%2FMqgGL0UvyEeu5a3L42X0ceWlDvXoIiClB04Rl9cAwQWJHU%2Bcdu9vVUwt26f303%2Bv%2BiuCoH%2BsjA%2FZtU1jjrwKh9wJ8H9GzdjETzC99B9PynrCzsE7dkUE0UdjdAkx%2BX2cr8QR8FEPQrvg57no6F1vuTWR6q4te%2B5D28Wk%2FP4xEaIq5bJOBeztK3pxWtHNL%2BRe8Bl7tSZSlRgX90zrUMi3%2BCAtxQw7smyzvN1ZRk7dTVbLIm7b3GYI
21.,基层减负如何防止新形式主义,30.2万,https://tophub.today/l?e=a7a6BqBjIUQYgHQwH1tB5FrJUWLw9rOeRTZ5tgD4MIm4HR1BOfkmEZydrlOsoBovSNcure91NkiuUhVMktfrlRZe7E4VNAIlf1NEYao1fa71iqWNo%2FHn4FpFnYoKtnIyXhjHzIhUSJ36r9V9dE9zeCtgQdxh00n8COF%2BzLECLVwSwVSfVtgs%2Fp4XTrJ%2BCm1Mb4E5XwvqvEqvPvEK1u0xHADYRg8GrGbU7A%2FcZhPtPh4or5ccCDk9230vWVyzOYtDhhvh19GWWr20hr%2FZ93uHKoajKBsI%2F4Og5dXU1kTFgT9miF%2F3QiC%2B5csu67xov1ESdJEsylXS%2BPoOBUg5v7Yewvz6Xn%2FXMdbziZ1LwgGi9SfFy6yVQ1RgFgokEK70KyM%2FwPkkuf%2BRmQY
22.,李一桐 30多岁正是不想谈恋爱的年纪,综艺 302394,https://tophub.today/l?e=664dUl7QLQfn38bkMZaZ31peyhchEbcwYb%2BQykjvSlLUjvWbZ4vqmEyZKghfiJbHBEY3OsZ6t7ANSkVqugKmv0hFUpFRg4xajRunOusMNaAdvpWI5WOhxXkX%2B3CzSR5JDOfBcgsd8GHzaMh2eOBjHubePqBSaYSPoloznJpRvOxuMScYBzGDx%2F2SAbz1chdqyX7k82HwCIt39BhJUMsjOBRd%2FV3UkMLagjq52j8%2BQBiieHP%2BHblxyi3Z%2FTVVLEbCZtP3JFn0mk87n36IlfMYgUN61zioo31pTfAtrEknvvw6ROiDGp9fxMezzCsCPT38dLqJawRDQKFK5y%2Biq%2FTfQfs0sBvgalH9HpfqmR%2BCbqwRl%2BbIDBU4ZICHS3Clz18ABhrcSoNEqgNdsS%2BRvAlIH%2FqM15WySFlReZKhkmu3uP4rPzYwe1v68eR9zA
23.,男子突然高烧确诊艾滋后崩溃痛哭,29.5万,https://tophub.today/l?e=830dUDYyenDJXf7ecfRu6q6a2Kb%2B8r4DQJKccMBOk2DU91g9d2QUtPzNBPPYHySPGP%2Fz9NOcURMj7yaCuE835mxaoasFXpoiJsTjepxrXjpOpuWF0bvD9ger8uvcgeyP1TL7HVfxofYgJQDUm72ZeZe8VsCn%2FUx%2Bk%2FuUDniUMdgbF0Zxpcc744GXdICoSH8NMEoSF58KgopNdtX7pgy7iujnjehOvnsm8D96Xs6Lee96spx1QQiM666YrVbkAp%2Fi5YKNJr6aFOv0S8W3RRNNTBdTUdVCcR6SPltxMHI3LrkVhhTsJy%2FKG7yrNJ6S1fo5W6lCPz%2BAblf1EmOA44rUha%2FfNqk3wis6WaoUfNI%2B8Z1nQmuNoI6kpaohrdWZ9lWa0ohwDTcvNKA%2BVdxxMWC%2BCAVUBgvwbp6C3KL5mZOP4eZU8udzlcE
24.,孙颖莎说我有一个令人自豪的身份,27.0万,https://tophub.today/l?e=2b2bSeo9jPEQzbk95ODCHT6j8Af4r0Dc%2FA865O45%2BBZV5D8m0lYEQMoPL5UvQlbawezT1zCI9hM7qcuNuCEFghIMrksEX5AvlIqxQOuqidRWYxZwjns7csb7Fjq%2FONIiuGLPzWRQFV2zOnqgijUFn72LDdTpWUQmP1D1uCOUo6HLpVn5HZZlSy1Vheq8dg2E7f2FxG7hBWx44g22Yd6R%2FDzuYU6tJA2NabSC%2BmdIgqdsrMNiBCtHQNb75169JBuhplHEEaV3WMsHgdmsQ3KBLVE4S29nW6yinQMEhFQuOaJBOWPwV4dYd8vPQlvsGIP1aazxCz70aB3lh2Uav%2FVX6euEdYVFy0zo4ad5I6dQ1lcEntl%2F2Dn9i1W%2BcFOMi2kjaMTySy%2FG5oZ758DRk6RV22uKM8E6PGlfiTmlmRg%2FBAFrkPbW1PU
25.,阴阳师,26.0万,https://tophub.today/l?e=f514cu8MFq4vk%2FLuyFZnbXHDCZ%2B8JkcxliV3hy3z1PCK6H9humOW4%2FrpjLzqRCRbnO%2ByHxcLYw%2BvAQyEJ%2B0x4ZZ0XKa7DAXJ2PLl7pgsxcEsZc95cXvJ4cpI5U6kFl4LW1G%2B72lGI0awhlPPlWpEK83jKMxK7VhxD9ZuzmNEm6O3YU%2BPMT1uT5%2F5I%2FPVu1Ni6Ik
26.,957谈LPL解说考核,26.0万,https://tophub.today/l?e=b441i1IpsoY%2Bu8GFvMPxYVvpxljce351AsTYNJTPNsGiihFgncLWQUxFufuj6egVSkLX6B%2FfLRmj2sYN0FQLvWIYLm420etcdSMMmoja4QHy%2FUZ4zK6ZDSbrL3axcp0spOi0Dtc3hpVzfPLOlOnkweq8paHiy9rudt%2BrXx5CEK0fXFG5SUSeCIwjXEqwUksYu8Fi%2B3meJRfL7x96bpqO0FQqO95mpm%2FokQizJY4VFlOIK2qMKc8
27.,女生一觉醒来发现自己成素描考题,25.9万,https://tophub.today/l?e=3c50vc7EMG%2BzmhoN%2FT%2BgzJ6c9Zdov0M9t6%2FfWIUKsn9b1A7MfOdiUnofJEoPQ3%2FBCJKwpIAb8AC0nWVj0jLJXnqca2l0yZxRcz8w61XY4hgiqOKAzevo0EV3owPl8uDN%2Fjh9KQwsI7IY5OcEGVqIYPSn9bh1haBZcqIjGaU2%2Fz7gGchBDcn%2BomuMRdg%2BaO%2B3NjwvHUdt9lnPx4cj0m%2FaEGOZwJkCIH4GlSoFpJsOUYdpUQUUNmyIb49Oj9UuGOgOJ7eFvb9jOrRMB281Lo%2BzK3xBtNiT3blIUBb%2FqED%2FpQVGhSE8QugXmjZ%2FWBnRe54XWWgxUt9KcVlXkBrMGuQBl5%2FPgCSvtiLWtir5co0QJ%2FhTd14HUitCGfcEP0EEB9aPk9EY1beIRh75iryVgAuriEzOki1UMNEit6TqMo13p6bV8RqdRM4
28.,北大父亲为60分儿子崩溃怒刷心理学,25.1万,https://tophub.today/l?e=45c3HOKmmZGE5dYH1Oy%2BNNJojm60BHfYHWBMv6mJjLFV%2BkKHpsvw3tSHhSD8jhXWqWesHAKrpmRI771LjTq0K3sdYIJ8hbcdlgy3wXikt8%2BCYEMe%2FvmgwiBHVC5NTCaWJqiKvBkIOh%2FgUWwURAOTEgm%2Bw9xdPN4m0mnKEZajPhXAjn5cwl2p2tUPidpC5uUMX12Qf%2FHoevaGbav6o7XpglHnK2bXE5KkYZIvqR37UZARpFIY2Nm4J0%2FM%2BPSdDBxuSyJB8qi1xZoFkcJN3AA95b8Z4SYmgIuvbbIQQRSUFNN8nOiiDPdCGgaab5c9wSpB2nBznhcjEODHjZ4GSe6bH%2BzZrfrIqWHlXZJfgdUwh8zQYvd%2FiyuB%2FrbhZgmnfwfqJvnaMCkOdKDN83VpmGqi7V%2BSAZ8AO9nRkvXulUCdLppzF5J9KF9G1A
29.,于正官宣吉天照女主,25.0万,https://tophub.today/l?e=732795CpFgPf2epbv1wuEwerhUZFGCj3JW18lrkG%2Fa4g9Np4ns7%2Faak7NAyauuWj4a%2FZRbZh0Tf7qAlgKhlO3ALOzSpTpiU3SFCAMzwSSScYN4Nlc6lGux9dZYFLRQTjgvrPQ4ySINBn%2BQGfozWOEbKCddGjEl8cJMAXTyqHUNvxlz7IOBfENPCm5FP98Ho8Jz8BFh%2F44kVvkSlDLRq0DnoyBOlShXpgNIAOoWjC91uUUymaO%2BjhWEvVISJDafRjf%2FJ9zHaYC8UzQTVrt72Ior%2BYapMFkk7cKBaHIHWvfup9F4I0DzQMRkAbqVY
30.,王一博系扣子vs不系扣子,23.9万,https://tophub.today/l?e=4a0dgeuV9mBaRjSpt9mxZ4MCyum9ibsqlb5LLMIMA%2BSKDCFXsV%2FE508XbkDI1TlkG0N84TMzMC3f6B%2FA%2FaDFKjGaZqstf1uJ9afbeMczw3sb9IwaOxhpshb1TEcEyh1q41zBPR2eNWdhD39G%2F2TDpiIiCwifYCLJ810FpEDKr5dewK%2FKRuG1HeQL3gxOY4T0qA1w0LJnx7JSJIn%2BedajVSERuYD7HJu56x%2FOlJu7C%2BDEfm1k6vw%2BsBF9Nx7sCTeNKmohwOTglLWPAWZdA1U9gpZTw2b1UW27ZiUuUPxZi%2B3IY26U7rmU6wTSe%2FmlxlNZEuRBc1BolQ%2B1EBPaXQ
31.,女童被生父及女友虐待致死案将宣判,23.4万,https://tophub.today/l?e=4b67Ixe%2BkgW%2FhpKVtC5FCiFt%2BUj0HsyBts2AjMa7Wb0gVxNQaoSJzjm2Z6WLUJzGqh62kesoJ2l%2BFuLhnNbBw%2Fj%2F%2FG4xo0EVKQ7JFqaX3Q%2FpI7Wios3H9elh1Z44%2F3TAMxCTdDLbNM10aweDNB9mIkzYmYTqnnZRBasDFOdb7sJdZ7ynjmrLRbRZnZvhLZaU%2BO1SbMkLhGYbcavfJSdBq50E3XjgGiHQ2Xefg7OOlCyZBQJv5Laj55VhN0o%2F96Uu%2Bj2q2DExRW5GGWeJ52qRL1BdZRMnWdVw5yzJZ047WjpBJVaCLuBSz7OxTlJY%2BbzY01O4rQV9dHCOxUdUR%2B34V31d7HvsCxvSgFhonXAyx19mab5u9bFXJ0YLGUiNm4nJg7kql1KsrQ5hUt9rl4qZjJu311Ca4yJ9uDm064HsuIo5jYM9F8KX1eETIy53pTwiSBZOMkY
32.,跨年晚会的神级现场,晚会 233093,https://tophub.today/l?e=3278uvxpQ996cyHeSoXr1rLytx%2FGip8WaSL5jqEDvt2r4BvX9SRV4zoVB28LGS5M5U57HGNQiC13n%2FoP2qpwnQ3vft5IpjN9y5SNabgOjrSmhUqAbTnA3dWPxWLjxYsV44fC8wy%2F0wXXCX33cFltt%2FFJZ3kkFaoMGPTnw76hQyZQ36TmFoBEqvy%2FHQ%2BLDBPgIb6C%2BINGoMLWltm61%2FHD6%2F%2FOBgb%2BAnKym7gHDb2bdkiS71GEj7mQgEAba6y1FMPnA4%2FubMbNYqZvtTu3oTrH2itpJ9P3y9p%2F5pvH4o8jZI1c%2BwAidh0bsiM48rw
33.,熊猫中心回应福宝已收回内圈,23.2万,https://tophub.today/l?e=1561HXjfonGDRo7QaySIOouhsUPpNr0uQdTg6REEbY3zcMCg8dwdvmPQxESDUfoRFIWjWD7tUipXA7uauxZmPV%2B%2FCW387qgXug1Y%2BWjqoXjAMwDMo6cpXGLmoOA2uQ%2B4nAYW7woj1vk0PXTg0N9n5Xea%2F8ofI4sp4otSGx4BMN2H7cyl%2BE6Aorw8cVFllC3qg%2BAmEXGceZ%2FU24zr7OaQl0xBIWnzY1PcIdmtT%2FsNh7INcsX1EFGYA7L2viFOeX76FzH%2BH%2F3iqlUfZoDYVxTE3c4ank3cn4FkbleB0ArSKbSEVGijou%2F%2BEQutIHQTcE7rLT%2Ff613xKeHFpw1JMC0JqXrjsK52NlpZOmJxSVpjPIz4xhOHYzie%2FZhm33fEWOMvfX4ovIEF2MA
34.,福宝将进行全面检查,23.2万,https://tophub.today/l?e=d2b5tKFjZpT6XzZrOKT2bZe%2B4FvcP7lf18Zu0n9x3zNVwiUrBg4MuUPPzCM470s7dlnorNzzLolmG26YMWrCV3iZOCPyz0USGwy3mETvP0Xqb%2B3HrXYMAN6%2B%2Fz1l70SvCXpkisAFLWPQsOZCx1VQOefxzPQz0IOMn0PKQYYO%2FpiLLjV7waoBuIletUmagpxALQHDbJU7KYjOlFVDrV86c%2BJNS3BpHG5EIwn7MD803GGCb5W%2F%2B10XwbkZfKXXLrL0gp8Pm01OBmV1%2Bx7FTU1Q7MjAeUH94SNWlmVQRhJuYi7HwODxYMffrIjbdxM
35.,福岛近海海水样本运抵中国,21.7万,https://tophub.today/l?e=21540gTrmcbxaNGzrnYdlGYsyNcBVmzR1nTXbIQkxFJgRuDJuavw7aqcV4LfMuPUgDfMPOsXAWHJgN54IaX%2F0HXUg467AnYa5tMboQkF%2B1dpucuZ2qqXp63%2FsIiN3gvxsgaiMqYOqQFC2k2FwnQqBhY%2BnqyXsbelc5LYlt7aczAED4il3LuwES9zz%2FfLBesKs2rmhobCw7PY5PgVsEdpdIWB3tEWfVzI%2B9rEOy%2FTzKd79xFi01LN68FhEhTY%2BpLqluSqSQqryF6QA%2FwByqTFX4OddtK8BkQnjENub7rslYArucSS2%2BwfVvc6p%2FeQ2s1545lAZO2NIS0Qk8iGJGKKojZ9EFd1oLbOUIMkhRSkkHL0Z8qEq3%2BA9RM
36.,德国大众汽车工人罢工,18.0万,https://tophub.today/l?e=d237mMk6CRH2XzjbwSyVBxu38n7qIWPYTzn0i6of4PqX6EkWElioUNoUj3hwyOdgbWOtaMCWEBlOejf59nBzHxJw97QYuoDT7vhdCMUvB1sMJTXGhMMLsbdBw7rMgVxUhusY97JaLvu%2FyfV8FrlcY%2BS9MorzzdqADqmI6bg%2BqX6505yjAYLQ5%2BGpqeVNZ7Dd8QkQilhuNan0kpjKXdMCocPbes5XE%2F2aSMYIpypyKEh1jMYjPAFzwiQA2OSgs7xukSUdMhJQSnMivB9jz31u9bbTUmUsGY9PO58m2W6k4m33cRyVS3%2Bl9P4fhA7%2BYOuexJzHHOaZRmeCcHQ
37.,美媒称特朗普建议加拿大成美第51州,17.8万,https://tophub.today/l?e=01271oZ%2Bu17vLJOxQ7uxzmGjvDsGjBvINOvD7kx%2B8q79VZNxwaEPdW28EcDaQcDzo805kj%2Br%2BQuZIt1uyCXaVFTB%2BCoov%2FdHGlAU%2FpUh7LKuTOrT%2FStJiRqdycwFrd4ayLNvuhDgwCa4AuLsl7ZuAZ44CeR01tg9%2Flu%2FQlK9uCC1HQcWqUUijx%2BGRG2q7QUkROE7LoE8h5K%2FUZ39YxFKwNbcHL6XyWJcqhXyifk%2BW1AnsaA4l5w0OPJi78RK3qHiSfANWmHDGDNZCffuJczKZ%2BvkE%2F8LGh11SZQdGraNbynobMAwnH0%2FZCZdmeO1I2H5%2FoH3LTllWuxyGlZqSMvuwT6Is7wSUZZO6iGj4IRYYEya40ZC90YjxDs0POMUoyctgRMOpzb%2BvC9p14PBOy4%2Bhz1cgVbKdWRVfIFOPObLJ2UG5IJe7swICA
38.,56.9%的大学生不想谈恋爱,17.4万,https://tophub.today/l?e=a7b2q1lLsE1t%2FUZOdWoch%2FBTWhblG71FM0jSJXF%2BLxmb6JqMGmbyIICKYV2SaBrOZmXb1uMIsHB%2BlTNIUylGCd%2FQH0LZt0T%2BcV%2BV60DrU19UYzwCgF%2BrH2uM28POa9pMkTqul8ybm7xWl2wU9EixBYyH6ENG77y1yBRRW7HzG%2Fzl8CM4TMmy7lgCzThNKOK7q3si56AOD4Jk%2FNuiaeAC6K999bZ%2FcRU5FdhNGjLwud%2F1W6aL3HrzOighTCfwh37y9E8YBzahzw3IIXF2iPaDzIiEykX2s1d2g3hacknalpyz0j7%2FWRMhk7F57M4ZC9xAGB63fI4
39.,花少颁奖,综艺 173629,https://tophub.today/l?e=6bc9RcR%2F7TVk%2B%2FiXxYcldJJBNS6O4I4SnuHnUGRu4Bt7S5gyfjN5WKpVlNHZkSY6HYnl0H9%2Be632Kz3N5qBVOSp75E0u08JxESt6X%2BIdE934ChDVdRQc9Ktv60uiOYqVed6HlmpuEdlE6CU3Rs5zmzmewgr6eCfh%2FciOA%2FyZhRkFq1O7T3H7WWuh2L0E20NF2ME5DITWll%2BLO5ZT7ngT0CI
40.,张钧甯对角色的理解角度,17.2万,https://tophub.today/l?e=ee59nFZMAYhTX5nq1OIY3LEhoCAwd6UIDy%2Ft3tgHSOg8O%2FQWDwCkySVreaZqXlVHp%2FtBkeKATkuJAaUm4pzrmhyluYlPS8KsGAkCsPpOd1hY9nKqCgJK16f29witcVChgvOQnKvXjVOb6hp%2FtzZproTUX%2BG81BXe2MM%2BPYRys1JaW8gBXedxEz8j2W7Dcabwv3VQATDYSnuzqLQT27Cto10MbaMtY9LZQBiZSEHZpDJzkTbmPq5MUZPF2SI9kjnZXMkE%2Fj%2BAg6o5zERjQJH5I5p0A7r8qu49KIKsoVFMNtr6D1ZDmAMNRJP8eik9AKnfEBsnfY8gELiJaL6PTmPtnlCjoz5cdG%2BT7Uo
41.,丁禹兮说韩语,剧集 171412,https://tophub.today/l?e=e433b%2BruL%2FDURwcOqnqFrQGF8gR%2BfubzBTq%2F4faJThfnLALzAiGcV5P3vXg9nFqmFOJYOEf6Hp64LK9cAYOCJiy%2BJrSlU%2BgnDNrCiT8q3767Dlw758OfmjMFIit%2FJc5K4Rq1xWs6iGIFdrSpJyWbajn7t2avOOxzPYxBQiEgjdzwv9mBk3EmwkzoCIkaGX8RTDEWQLMc0BCd1GYNNtVEXrZ%2FEhSMYZSw%2FdJ2Eu3XV9L5IPrxBUJe8jnoUPDNg%2BU
42.,烤匠代言人全靠野生,16.2万,https://tophub.today/l?e=cbc9LCw%2FKcDjwTmIv43ZnI53rDGzZTromWupXyu9iY9Sggl%2BhOfDqplC%2BzJvVi9xOOBycKtmKPaga20nRtz6N0hZihu73GBSPeS8ZpANv7kxHRuoe3GR8HSxCtJHxhZeATLPsgAKgT8ztvwTk6l27DE%2BOUxH%2FYQlFV3WTi5hjiZtrYIodecogcva%2B3YQdQ4wewhjP1I1LBKMJ1cONXogddh1QJumImZpXkF3ZMXJyGICtajjHaaFnXf44FQONQHuwNcZTpqVjBwNyMczezQBPYXS7CXY%2F0IshxA6jEl9bnH7l3Fxdl0SqC5ZHSU
43.,建议谈恋爱约会别吃烤肉,16.1万,https://tophub.today/l?e=c625gBXztzfyXygRnCcfzdYh9VPtDHEMI3sdCucDnALK3U5xIZgHnMRSS5e5riZjNBaeH%2FHhO%2FFVVqR80Q1MbdRCQJGiX8pzPsgf250krxYbMGFJmWwdD1LJkBopxW996OmLk3wks19nGcsyzobn4Y6ic7J4zqUipk352Q6J%2FmJG5g1ceTgsmGGf6mmWR9CHf1Aw8GaaczQVGlu5jrkm%2FMGR2QoavykKs6H6XmOgYDF5srE%2B8H7sFHgOubRxvURSxRY9dhOwRRjgHfbW8%2F9338ut4Malo3R%2BjvAcRloKAikEmxJTFW8MvcIVtLu7AMv%2F%2FmmdkA%2BpU71%2B%2Bcf6S24p4kxTcdaUYJp0Ui4
44.,广东人快脱水成番薯干了,15.8万,https://tophub.today/l?e=b70ec5xoVENw%2FHFnTWwmTsezL4uD5Gg4lfluapalXL6R%2Fq10GELrS%2Bb%2FTsvB%2BC7GBFTndiAv83mXEKMwVklzGIMDmjoWB2sK36FiT93T1a2xVUqck6ieBCh2TDkxXHwCEnKI4iTueGYS0wGYPJ2SYJnNSuafkFU38pEBiEBu4aysThiHUACjBDQqqIS8dWr62bEPJV9s9B6W3EvkNVs7qXK3IlUu5YF1FNCIO2q7wj%2FBGJfzS7FiPyYflRTxpYn54UtiPh3NneAIgMtzgzP5WtjfZcb81IThxqLmb%2Bcepg1oTt3zYDbRnjlSqyv1TCESB6g75Gdjgr4USbHWQ3MKvAUkfj%2Bljg25Als
45.,A股葫芦娃,14.6万,https://tophub.today/l?e=e0f38QpA84holZoHNYAPQ0iUsJ5tQOos4%2Bu2YlBUcpqXzMPZ471U1q9L2RMzh721jIfjrFOwnnfyHXLq6rndOESCU5%2FWiLFM%2F21hecU0fVv8IzgdszdLiDd%2FqLKSZ30taQ%2FrO6Y%2FExs0wsHB%2F0xa3%2B%2F69TGBrNp2h6HR5uUqYpvTVO1m6Q3lcxc4klfWFQNOHoPG9T5egAmfcfCth4wBbpok
46.,埃文凯尔称中国需要亲自去体验,14.4万,https://tophub.today/l?e=c57b%2BNyykazI7e7To6SwSJmBVV5vQp5Prng0yiSg9jW%2FmrHsTDEYOQL3UvlOSvmDg%2BWi2jeinFJot1tp8rygfuRD1%2BDRRD1WS%2FyptaO25YrgxLCIOl9AA5bJ%2BTtOhcS1IG6NG8AruE7PVBpvYulzkixPXKKerhNK7S7021ozmDB4FVdBHgqEG86GUdLGgUJKUjqKMPr8e2MBMUKYSgx%2FQF8XOAfMFCOiovjp5rLOth6TDAXXqAwGHTzxIye076AWC7c4JZPmWtCLl5ty1%2FyMDFehnV0NoTvopuevHqrhGjOo%2FxXtrfYBkJLl%2FuNfv47yOUmf6viW%2B57BeFiifdegdf1gvuXf0ZhQIu0SsAiYXDoifTd4os%2FThVDanWMr%2FXRxc5jweZBgj6pTZ4cnc9W7mOhCeYi9sd4
47.,黄子佼被判有期徒刑8个月,13.9万,https://tophub.today/l?e=3530WGIl18KVW6u%2FY1sEGQGqBFSQdeaUBxE%2Fi6Dz9b6XDhkDjCRJLiIaJvdPfPbOwGwqEC37XmZR57kaAp9U8%2BvGJsPhW15mgqM%2FqppJNZRowbbpDtYTKWnLEjcJVlGpCSPRncdMVmApDpUDlkmYHHXjvo7MUJAtH3vp2A5FzCVKDSGVYpTO4mMahf8z7fMSLms5Gm0bwfzjvX0p4%2F8z%2F9lVer11ZuWW6xYdECHVx8pmU8z4WINjaQcUs8PyiBGLjquVpaeH3qS41i7HmUBTY%2BWpVvJSbo2b6NJ199tlHMNiwWi7EMpT4ubzMo3vGosQhcoW%2BVzyD%2B0WFs2S%2BQwi0A4ZKtvaQZof6vM%2B
48.,律师谈工资被折换成购物卡,13.7万,https://tophub.today/l?e=dc505unhvH3NhrwiiL%2FbrJ6NFkg7twbbnbbkk%2BGHmCoV2x%2BY92Veo0LGawmNI4V0ZWWiLtml3Qr03FASS0LBTGqx%2BtyC2tXlh2e4udu9zFF6fxsFluHXJ7FmpFi2wZuNvNP4MsLH1aVOT2I5JBJI4Oznj7YxCRkfyylNTr2DDNKdG2Euv074Vz1N2rv3gV7%2BNsvz7PYAYfKG5k6Q81iMJ0fkMfKYyfjyYxMQhaMYgcOHYF9A3Zh2%2FXMZPIehVC8e5AbJ862XVwflPIDRAFmUlfsVmdQCwR5b3QApj1GsT4lT7Sd%2B0mYbNsVW1ItJ6cn5Zn0NZGsNspBvx74bEFqexTUOiwGEIgu8bsp2RcjRXdxlNCdqMvku2Rc
49.,女兵服役12年退伍向张桂梅报到,13.5万,https://tophub.today/l?e=f4e0X4nJu1z2f8%2BzmdMiuDBaXwp9TaxgLuP8Bwfa6WdUyWh6%2BJHDLzodmonHN7Fhom9RCpoeu4QoRA%2FLNUYoJFO4Ely7F8%2FExqqeRPM16Tl%2B87M5EWV90hTr1YqLulGKcVE1gyFf%2FFBRjKuR58q6Wqw3UJtO9jdDVnW7RDmhMJ22iidIPzxmeKmTUayFuC9luRirmCSe669nfC3l6T0RWDI7bBGUBy8HwqARIHH7RPH0VWnlORqUFvNyxmAgDmDVCYrNe83q9eYgzRG2p6zjimw5DRtcwcAXWrWW5oZwSdLls4pmin%2F03TKvuhCmyy81AAHScuzPzfMMZdMxeAfT7D0%2BtNJNuu22eHAk05PREfAmt2lmI%2BGF98ipX1PUXfGjJ9jgnrYp1HEGcw
50.,董事长套现9亿后反劝投资者耐心一点,13.2万,https://tophub.today/l?e=cda4bZ0FlEKaDCIdlkJ5rFxWi%2FjhrIyK9R%2FRcM%2Fm7u38xn33ND%2Bl%2B37%2FWA9nMrkJZzfmEWXM4KBzFq7Fc114iuWEujxEYKpzfKAqKo1aCsQnox%2FdArKSgrb3O%2BbmMT6rfftabEufirTQ8F5kTlI35ASS8CRu7RRy0RHjwqs3TxspCaW4tavjTxSMJufCReWaE8rWudhkvIheJEwDgE6Ze6q%2BDxIUgPIqpyUAsU%2BoNeVFwwoVWVwO%2FAS%2BuTXxRGmnB5YSn7%2Fm7ifYf3SATaWBK7MKw8SYV%2BKmnm%2BI3WJeThC%2B3he6%2Fq%2BUMQ9z6hd%2BS07Sf6Q0X7lgrIYbPEspEjUOu2upPTG4RP3LH92d3ojJ0zIYV3RLfXZdkX2srbsTZu84%2B6LiLqxqxf%2Bfhw7GXK5fgoi4hCug6T5SYlOc7ex7A%2FH32qnMsF2IWvveZYDJzbmOhsGKdvRH
51.,工资被折换购物卡还限额使用,13.1万,https://tophub.today/l?e=11a4K%2FQVdSatDJKi0%2BN1i3nxeZ0jhF5jvnmNWxLRp0cUB%2F9Z6zXqYiYNUmkMgX9LX%2BLNrx8cv7jUv8ZBKqEiPfcJVIKtZsW6HVqt5UPO0VjZS7t%2F5qWP0oELL3HZQhAEYo%2FZ9gQj%2FPNf4WFZQMtrK3NNvdIRaDIWr1kFplrB%2B1YpUhxRGfPVcO2TnNVnzT%2B5F65QCrNK5rZ3mflV%2Br1icmP5ooR0ie%2B%2FkOHokqXeynA26K0UNl%2BU37832yxnrNk8TR9%2BudgmNXoUKE%2FW79wYPqFrgrWa6mz4MIgbfBZno74vtI9h7XZoAeZ%2FGIu2wUOIF85Aom9d5M3LYCq9E3aWmBBiFzoobpHArARxOErIkMcr4NcgHrTKsru6nm%2BPIgXLgiNDbFqHNUo
2024-12-03,读懂中国需读懂进一步全面深化改革,,https://tophub.today/l?e=046aEY8yzvwa5KVhKYDdvdKabchp8emIUJKdqYhkF2Qm4GwdWAmpL3PuUOU%2Flu8kQdD7qLxCFAcTZzmNY63J0h27zjGjMvoR8Ec87ypqG7AmuO6QGm1kGRR%2B8GKGJoROtEbRMqxvUNDdRYJRSbumGwKEb7fJ%2F1MNCBexAMoN%2BpR4%2BU8AhX%2BYrCyk73dSTzARQQCn9tdCxtAs4usc8Tqj7Pup9usOZBxx16tmi90ygjCvN3z5fgy44gGU2S3cWf4WufR5KUHJbh8KmS3Pt0lmWmt7QWSzlPFEPoOn%2Blr2V%2FEf4M0yCl2M2c3OMbAKf6aHTStTacEwLFEaul%2BOsI2SorD9qPwA6irplMvm6K9cfAzj06Fge1OaMAvHZBm1tOpyWFUte6AHVLKRyDfSRw3%2Bghd95WNEIbMQoS8XEsa5PayhqSGMLAzamWGYoMlQHmlrJBFhZqc
2024-12-03,禁止两用物项对美国军事用户出口,57.1万,https://tophub.today/l?e=f66fQswqHL%2F9artsBqDAGD9iORORf6irUT9WsVx72wQ8oAm9EuYIVPJNNnoZVc3ZI1SgovrH6AMT4fpLm67CiUliBYpUx49%2BRqT1nZddayAZiTyRobOP61QGDRJpXpBgpGUTyDEiNGVfArndNLzZaOPNm9IrxRdPL%2FNTY%2Fhzvmk9J2LrDyyjKAVp8pSzMgyi03wlAafrCrGvHoKb%2Bb0%2BuOQA7HK1N9GBqwfrSo1Rrh%2F8%2BPVAYwwPczVwK3n9IAVzcK3QO418ilIauSSE5MtgwfNHhryr1qHdUWcmYkNwAg8%2Fqm1jEQML2tgiV1ujIhcLTre6Xqf%2BM4aBbCodZUEvuYzOEG%2B7nD7SYAO94glaR2gQqzN038pKsLGQS1EN0yvDDiDjuYJ%2FZ9ZU5g%2BY%2BH9jYuRGRURP0EyIP8h7l4HB%2B298MeZNZGI
2024-12-03,多人趴地上迎接领导教培机构拟注销,38.6万,https://tophub.today/l?e=ef99Wgr%2B0EyGSJ35LAkHQV4apg9QRT6MCKWA5bcz2oRdIw6DcIdJcW33Xnn2LsXHCMXDaeimiZMsnMnRJwkTCYptvYTWLEjRmSudrTStOvFe0i%2FoTAv%2F%2FV%2BZZA%2FewK8C4ZRcw2j2Oey%2FdWUwXL4%2BTJeDOVcQui42YtMrtFmFXWO%2BEC%2F8HIFrG8Jv%2BkiZNCD1TOeGH4e2K9uo1VTLJSI8uvD4nEPPA%2Fkl60bETmKpV5C%2BeO6G0WaV1cMMPhTijV5bC0ANyTtS2x66WpyU3TTmGNSD%2FqGq6z9PFbIFw9hZFgdYavGOXGF2gRCgLR7hTuwwv%2FjzfOkzIM%2Bew9Jy%2BhVPDzTGjm5rXDDXZE1kWktSwOnUeyQEArPo77IFwkRibtwOtvgKn8k%2BsE8cNnQjz4YbQ6z%2FaFvWtGRz99yYPDBSVFUmU2fDLt%2BjN52V7nyF8r0jVYvHdKU
2024-12-03,陆定昊道歉信,30.3万,https://tophub.today/l?e=9ecb9Jmx2xCsYW9m%2F1jWAk5e1uou%2FrcfzAe3KUoEuJ02IKG42ReOwCydfppaIsplwWsMCNrvIvuanI%2F9u%2BygDrkqNGe7eYnkS3CLqTcMbCvbHFMHnWEYTwbOozbQHxGLWGVQV4xaNMHkgr58jioCoFKYY5tWaL1Db6oVYeDUN6sTm%2FCUrxbLxikGkVZDPUmA9kmZOlBLYikaeOrOqzOZiDS8a%2FK5dvcfPDsE5dOj46WIzN4R7BHka9yMjPpTybU
2024-12-03,福岛近海海水样本运抵中国,21.7万,https://tophub.today/l?e=d0169yH1az%2FuoZvlJj25AUbCL9UjiBI10w%2Ft4QLf3%2FA762mJEhzCeACmHRa3pMds6wbUqTtmt0BEpNTYddFV%2ByXHEZPy7V1hqDGTlxobPWJ8R3JUu6Jqfdaz3soforBzVIP5NwI%2FrYFds9UXETgl5St2RG30GRG2ZGlyrkK5wBowu5KEAFuFDcWdZz0cfbvKYcuCVabozFmJ1S1nyujr8HN7P%2Fc62OMI9OejLKN7BYyvUnoMpyPoDjtaZQRrcGAZe0gfLQFNwTz4QiK8%2Fo85gfS23ixhK6XoYQ084MM0mJVxIAy%2F0NxyoC%2FvdhhdVF1clzLf%2B0lDZ4CXrf7yX8WFDBV%2F4qn2lFJp2S8UwLiQGO5GpjQSEhXKbVk
2024-12-03,花少颁奖,综艺 173629,https://tophub.today/l?e=7e82Cuqu0Xl9qzyXJvVnArmL2X8%2BTHITykvRBiLypU%2BgrcMk7TMPgqPg%2B1VdRfAxoWhC67jgQyNtBv0PGt8xnTZqc8Txu4VBmceYqeFpCkMbWH%2BOO2bIiKLJEMeyXbN31eD3gkJCe97hqrsaDx%2FFAP%2Fz2cdwjaCUjZt9wMk7aDnllWCCD%2BzFLaK3%2ByVSzH%2FKFa6jgqvPVtj6B%2BlpWW7tvQc
2024-12-03,丁禹兮说韩语,剧集 171412,https://tophub.today/l?e=7696%2BGtrb%2BfbV4qVwmqTWDLn6XGNmwAwp%2FV4wTp7FpMMqIr8wmagguACpwLFxTTgy73fvmC57Kuv7YOFFOiElqtj50oSK6MIechT%2FxnT8PyOhGuZE8DDFBBBwLXdIccwBGK1sALdjpnhIyi79yQuOTv55xgy8SrWD%2BxI8BTAZLIXFOfphlG7h%2FzFixMOB%2BaqI5PYPRQ3qT9xZOnQDc90dovBfLiuU7%2Fb2xckbbcIlISgOs5JDbmQOxQiju1a9yU
2024-12-03,广东人快脱水成番薯干了,15.8万,https://tophub.today/l?e=8de88eGvxVcRWWucyi4AreHJU5m%2BxyZ%2B41hYRyhZU6D28RZvgd2hmaS2U63tVuc8NRk4yj1IvEqdMBS8FVu5usWiTscb92r0tcS3IswMoVFjfXFPsNOrKmnDsxN5VOa0QEdlIDHDx3HT4kOVB8dREQgiZmJ7Pvr1o0jSIuC%2Busts%2FFfmBz0wInoxO11HIw3%2Fase15KDwvVjUO8qowrgzPo0RYCHDOMISlu4cg48jDn5q5BaENJbFkCbGdJ6gINUYYJyQuwq9JkRiLwL%2FEGXlI4S2zMusTVwt0jO5npZLE%2BX3zQhC3ZjkUX0hcxqyCvpM5tlRJ754oqxrUOAZ%2BbJ4bSU84z%2BJy16Okm4
2024-12-03,董事长套现9亿后反劝投资者耐心一点,13.2万,https://tophub.today/l?e=2df9%2FcYDbCDUNrvNV461zszNVJM9bx4Geh%2Bs3pqMdSb%2BM3lRJnS4UCSDEWwpmutiezAuroWnZ4LVzJarhc18qvnAZd%2F7AoXC01ws19WWXX0w9Oy3CVcGpx6TQGbMLwwIlPGz64%2Bj3hgPv8A5y3uqQUAxftivHN%2BWEqoTsKw8B59GjYCqTNcjyXQM5YP%2FhNhR4tHQc2rQCrViPjVTWwnz%2BbL7qxCiRKXvuQcIi%2B%2FzsBu0Npsa73lejZOGa%2F9TLbrqBxHhpLy46%2FVgLj8KpKhtXYYS0W4EBq51GYBGbCdt2ibzBDQAQSwy0DNwiBCNevM%2Bt79K7%2BYggYzh%2Bsp0W5zEMyovtjxsMRXMP01KlMGWqLwUxB3SZfrZI6BOREo9eK7i4mFHTecPJWfNmmKh1%2B0XOWq2eDdl1nV7r18XIyX5hzHa91SqeYqbmzbdpsfcqHUlsxT6Xwbn
2024-12-03,女兵服役12年退伍向张桂梅报到,13.5万,https://tophub.today/l?e=e895H%2BRN3ohs8YPsV34xHzdKQP2hmhH2i4FAHsxclrf79BBY2dy%2BsNbzxZhV5o2z4upiYDNu9LXzo4nMD9tafgknerdzxP87DxWnkYUY6ZZPWrMRWExrb3EogFSdONu98KyfsFDNSDxc4JLIkIUPb2IeJoXIpbyfLShsm58KBYoeOHOA1yfG9JeO7%2BQyjSlslVL%2BIBf7VfZVoTXC81bm6sliG4l1aBIo1CbhiDRSOi21ZcbrBIhYeE2GCEIP0br12KAklC1qPbCBOK3eGdCkkj3jSSIFXUsRW48ptwdJ%2BpqyJMdHFQn3nCxD%2B6zkdkR7Wn1mqMHRnE8XB1rrGylBzzVCqdqx0b%2FhS15H%2Bj4%2FnaXM2rCTn5%2FIoWEAOy66yfSad8iMSI9C6U%2Fz%2BA
2024-12-03,埃文凯尔称中国需要亲自去体验,14.4万,https://tophub.today/l?e=0c30O6yV%2BuKCPgC3WGi85cE%2FLUYe1g7AeviwH%2F0sG77KcCvhItLb2XiIwHAwdJd8X9lIFbItv5%2BWeMMNyGK7%2Bh2v3yzqVqCfpMM%2BpgSbxwvtFl%2B2yupmxsUzKRxxJzQmcc8MU8nXud%2B7CesagUHQbq3qYbS11GywG2H5DNSQMsnomrzw159u7BRxh9ZqtoaIJa4NrtpO5AHHDfBVkt0YDBbMCpYXssay2vUsUAHuda3KxAAph4S4VwRZDaU94Klj3IoI4Uo2vtMlZ4Fl3bbFze%2BeFiG9aVuz4r3QxKILNtL41867fjLbNFdttrsl9zf8U4IBehjvbzrqS7as0pli7Otpq2rgKmDfv1MonHP5ZxH2Qq6479UAn6AcJUQpfn1tY3Uyo8kXCSDr%2BrTdpEhhtZSNxMOOO1o
2024-12-03,请多给残疾人朋友尊重和关爱,70.0万,https://tophub.today/l?e=00abQs3LwJJjkRtAHaEOTq%2FyLQQZmtESiYZavL3B7Iku3Pf%2BgwKgjS9%2Bo%2Fk6JwxjDlUeZjg1y%2FWnQnmHz6ait8zbk3w9c3eSRsNKpFaNe9OE0bQZgPI9pF947aclhmR82qY48HZiWkeuKm6H2bGi3a6VrQU8ihk8vNfqZUmkkOBlTz8ryg9UM1P%2F8WTz3lfvMK0rU8rjMF2MBRtw1dOHbJiTZqEz%2BC1ERLOcqresiNHwzr6PdvZRJKbckcyeK4SupHBV4hAuKEFfvJIw0M1AezipcRVtpoQrkbJ9ohOIPTyqgwvvAT2RCM58hyFqa2QD6Nthj%2BKmN70VXT8K75SAmMWBEl2FiEwyXXbL5KOifRKhpxXIdxvOPUBum%2F68J%2Fh%2BdmSdwnlmRpI
2024-12-03,竟然磕到100岁爷爷奶奶的糖,78.9万,https://tophub.today/l?e=4a86LRixgAy8zE3yHF2iP2cAhIMJZ3GG37jcvfeXu%2FuzWV2t%2BthWeibsX7O%2FwjY0GxyQSoJx12%2BUIEv3kI%2BM7g%2FtqwWh6j15p3MR7QMYrNBniYm8c2DZFyPAAlbBn8Q7qOoTIWxvpJkhr6kv4%2FQZ64M37KR7F6wvXw0C7EwWogXjIIS%2BGBhK51G1aRbJOTbeqWVzgb%2FX3zAEtCYSSNMPbqnEVDPN810RqTcqCWxQrON5b2hwAimD%2B6ip89OgOVUEB7C5dBSL2vtYcUUeK2FLC2QmDFUSBeqzvFn%2Bwb98bbZjuQlrav1MHyPtayQ2jtdVUo%2BiVzZ3dRoODD9DfexFPyhO7HFO3LJ6piNW6Cc
2024-12-03,宪法点亮生活,64.5万,https://tophub.today/l?e=9d05TUt8Wl%2BA1m2avJbNVmtckq2B5dgrb92isLwVAIyCuLt%2FgWsNCnOFg0xHpP%2BSpD5gW209E3kQALTXwd9dJOqhd0Kr6pv%2BCc7Ml%2Fn%2Fu25lEA2YzG14i5GzQOZnU%2FKVhaAeu58FTo9J58F0k0ZBZbuxsyeKbPcmWEUBo%2FNH1y%2BmkqOXWyvsIqAwTJn3mtCwXo64JbxRSXNsn%2BXatth6EnSw2x09TA%2FdPHeWji09lI1qqccwp3f%2BfHqtYEw3YLI
2024-12-03,建议谈恋爱约会别吃烤肉,16.1万,https://tophub.today/l?e=7d46MpwBr29%2BTicfqajERYEIOzL%2BzKJf2iZJ%2BFgphpOMofdBMCFMRkOxF88T%2BYRdShUkxURUPENthJTndZNRl1LrzkcVCsyznFendyb19z5JbdsNJgTtbib5LmUGrOkDgmakN%2BsAvXmxBdWhz9N9PVhT68zN7S0DwdPXJq2hA8bU0SZeApT%2B5Th19cXWuWO2Pg4rtf2befLlKMFQrRkkbIByt2iPAtSCAMvyHMY0yZI9PVQfem4jQixnYYNnad1SxkQZHG3VoIUnLxK9vwuU8azLPWRNmZORwIEbGy84fKl%2FLRVWoG1hGBhl8ogJSJZbSiKvWTwJXkCEir9jCc5lUbLhsGZh8pB7LeE
2024-12-03,957谈LPL解说考核,26.0万,https://tophub.today/l?e=fbad4vcitK4GxNCDzEkzjLoWpiiiDN%2B%2Fdmn0BJIX4fYDtMjlt7xsB6ekd52llbYbuCABl1h9EnYy91i3MD71ZKtV0AaYpQwY1os63p%2BFQehGsgFh7Es4oedsKMHbFwoflWTrSL82MQGUZUoIDDlRzzLtQp9m3AmBQpig4%2FXhoxqnjzRd0dbnghWgARIKIZMSki7Zm5RWOaWVWwlQXoulHliG1w%2BX89DwRbj1BDp2FdeoBL8lBrM
2024-12-03,李一桐 30多岁正是不想谈恋爱的年纪,综艺 302394,https://tophub.today/l?e=023egl3OZ1WeQ0A1TGI2pgXG5jo2Sm%2F1tygrkHt453cz84DcbFENnC0ceWfbp%2BEZ5IaiI6%2F2cuEu%2FsSOxY%2F%2BlA3FQNPQL2V6%2F%2FmcPYBtA407jnqrKXj4ALc8KYBknv4kw41MOfTkEeAzmVK%2BsuDGip2PQufrkEYTUJhIESNGwyfZEiGfocp%2BWkicQx%2BG4X140wULTds2StEztqy8PqQ35jQLBM9m8kGFPYrzT5MdkTc%2FfJv7Hv3A4rT3Fxv3%2BUNeOfsajOEbuU8Bt147Eoe6gReixTH1p4umnSXGueFpJ%2BCfrQFoProJEw80kaDimz9pwpIf1U3wsFMUT3G2N5YXlNMA%2BZgCUXKaUXgiF8zRMDvQnnlQ9pUYjAjBsSs2P9pOjfnCLZl7Ehl3yIW6cbFo%2B5JPTUdsN1DfGipt9OS70enZCsAj1V1gRhotow
2024-12-03,基层减负如何防止新形式主义,30.2万,https://tophub.today/l?e=b81cZ%2ByuVyBykqYlhLh9OKWyZCGTMWYzIctinLs58WRxDvynmYDHGHKLANnNyuRhYTxz70illNkebpVK%2FnDpsOxUMyyZtlU%2F%2BYZH9zq6mGVaevUhs%2BDxuUHNA6yVkjYAEDwKFr0YiMs1x7K6lZ%2BkYvSBhrpGVWPmj8N6tGiAkL518yv3Sfd3cKtWqlmhOATD%2B42G2rIZ5jxycj%2B%2FG5MLjN2uApwGUyH8nX%2BdcRlo0az2FdBBau3%2F1UGoyjxyB6jkJzLOHQ88dgrxhbmARNQ%2FkFxy%2F5IrEacBVYURANgfARg5178Kngufe7FTe7jPUeoRbVblrcmvl%2BAL4o5m2eSJambCsVqR9GNwJsiDeWSSjcMhq7a6zaw1VZb7Q9Wfvdwd1OF0FBL7p7s
2024-12-03,美媒称特朗普建议加拿大成美第51州,17.8万,https://tophub.today/l?e=f27asGmvRR7NpFpU2vX2ckUp2R%2FjadELxqBtM6aen6FfK70pQwckckBA%2F1uTfldqPt3O%2FQXZL3YiBsf4R4QKmS9jfzu4ISoG8k0YsPue2flDhDDQ8aSvfFYVgpHMJzbsOS4P%2Bwu4YGuqf2eC%2FUaEJegHEDBihPbKYKFCqvBwG8ixch6Fli1GpO%2BslvFiwocXd86nfqjFhZkr0CCgUEz4Xjy90KlR%2BlGXZ0clvXxHmZcUCJTb24bUhm1wFk%2FypGNK9gtSSP27scssPuA3qjn%2FjFqXRl6%2FEjNvlxgWk3Zz5GY6AS6pE%2F%2Bb3aBOup717UyWP%2BLaNi8sE395sjjL7NVsPxQP5ankOiY7lSUBC14AfUzVQMhdssA1lA%2Bs8aq0qDwCdG3RudyLSuMukL7E91HrpNwjecIhBBSQZIwPyBo1IIAevI4zaQO30A
2024-12-03,女童被生父及女友虐待致死案将宣判,23.4万,https://tophub.today/l?e=c59eI3swPUBwoPgqWHn3BSTUFdkOJK7X7u%2B7m1QZzVMRcJbZRwErhUC%2FE4vDk%2Fi5MBUwIgSCmCHGZpmJ%2F1vBSiSdU8z6kpwgy1Kp8jM7yl1SCju0Ew7GyS%2FTe3hDWYI4oohAcAqlaS245kv106o0EUpZGjNeo2noz9NPGjr0lq8PrNZ3h1NbXlWI9I%2Falynu8JAmsivWICiqfR8R0W0Oz4gCiVv8PNKaBoBoRYQ%2BYhiT2HDCR9tNZQM8dv4V0hihNzLU6%2FYGJDgrL3zQzp3hBDdTcclTA%2FN4Xbw759VLyICcKPusMsEK%2FZoeFPPuOMoyeAQARHoPy35Yy0EoPY9Ap9XphKsJYFPoOXUOSzaAIFz0d%2BPAro0zfc2pOt4mgGun4v87zE1%2FFr0Di%2FV8hTwAHlcRN4zLdiqlg6fd6RZ1oPV9NEgQYoxokZS1Nw7lWOZsEMSkID0
2024-12-03,花少团 最后的晚餐,综艺 182416,https://tophub.today/l?e=1337RTELMAXxXLOyatmAqUeKkbU3K55IjpnF2%2FMEEIV2ztqRQTxbl9A8COih4e%2FjNJmB20fsifstUIa1WS6XixWpoAQ2EN9uZcLq%2Bra6BTwAfo73sdbu1L3Mg7hf1EGGjvEWLsniAfvumjcW4gQymveqIaMBN%2F4IM17Z%2BWGwRV7Z2Thn1ohONzycNYjHb1exXRioC2sna9hfbmHqDBCxrmDwhINu4Y8zFD9vKQjxVfUYLovQhOXcsXOjl6d4rHry3zrJLkISv5%2FWCfLvl2uo8kOt%2FLLLpadlzirydcxu2mE
2024-12-03,通信技术试验卫星十三号发射成功,424.4万阅读 | @央视新闻,https://tophub.today/l?e=5deboAH4UqHiSlHRjiKJczN6K7nM7dMSsSqk8Q%2BuR%2BGIyFQXeaSfzA2reTsGeR%2B0J0YfZghdBibeKcwCt1KL7HCFZhRz5n%2Fx0ENFzdwguLiSGjURzjc%2BpG7%2F%2BGegdtC3FwudOdLdFjeZ0PnEgQ4ItWc0fHffow06hYbylQoqYOPY15RdEiX%2BtIKpudhe51YWqwKsQC7kts0Jl9I91zPcOajxsak0mUb5yIR7jRyzm5zTdqyKYO3j9OJGw0tI8N2Iz3gJ6kP0i1qt2PITTwPQWjrG%2FuJeRQCy5G6tFdloxFNhNcVlDQlnzlLETqsuR%2Bc%2FDzKSFBH4UFcCkBJCbTokC9l1AWyc0xQjgSYu3xPI%2FIevc4V%2Be%2BZiR36A8rLrTZb9rZNhkWzZoE%2FGDqNCshovO0YPT30YrzcUqzFzksKU7dQNGdXD4AA
2024-12-03,老板接44元订单竟涉嫌帮人洗钱,35.8万,https://tophub.today/l?e=02106uD1G7fyVjUgJSODkxyYiwsV3cVhWOZP9fkWEPfPb5f5nJDlXU7Peo%2FxLxsKAU33nmUcKZevCyvIHaHUf2YgOfp2JtTuCg712Rdmcydyxn8lBR5tlIZJk%2BxfzDX9JHxgmIj4vBZ8JxdfalP5F%2FY%2FuTLKqYeXaGq%2BX5%2Bo8QtUyT7BsxYtAbSACmN9D%2BPQ6I1oAzcselkdW5OEf2F%2BLmp%2Bs5Lono%2BxYaiCUFBbR74Tu9yf%2BPkNp4RC%2Fl5E0aHBzhjUDgLs6KwW%2Fjv9K2kQ%2B%2B5jDK0%2B2BIBPeo5Bf7PfuRbh21O6ILNWG5jGQd8uVZ7D9%2FeRMw0w55xk55Lh2F2TMEo2bsCcSG2nmMRVWAO7%2FJk475SctqSE%2FjeJiyDKPpbs28XPWqm0d1btA
2024-12-03,德国大众汽车工人罢工,18.0万,https://tophub.today/l?e=89ee1FpsssGM0IlzavpL6g7DKs95tlvsX4tucrWRDuPijG9vYL%2BFzAcjBplHkZ3zg4uY5u21xPgVpW%2BuD0Hq6ujaSv4YKYdqSxGP3lJaSus4w6iFWUhuacECpjjpBznTj2%2BGDW%2Fp%2B6V3ZmGpw5FyUwgIsakl6LfofVLdn8JJ1l1KNP4cvWwsH%2BMiXw4UjT1%2Ff8nQp1HUIvDWjzI7klCeF83WKepRDXv3TZROCAZ8vQAIhXRWkFrixtcswkPFs9NFNPe2FeAldz9CuM7ZFE%2FSsO3zSbzx7rpyt1%2FtCqB7RqbpxmzYk%2FSCSd3iBMMbFxQ%2FEYnRNjkbrBKp0nY
2024-12-03,熊猫中心回应福宝已收回内圈,23.2万,https://tophub.today/l?e=32941Zq4k%2B1sCAuqcwtDNfIpU%2BS5t%2BqBo5p6xUfW%2FxJV6VH0TU2PRYLJKtV0RgwVD%2BgcTmUHygucffqtRVPBt0i3OxDFypDDiTz6IgAdvGqmtGp5iZK4ymTRIWSG1D40O7%2FcXr7BiF0CuR%2F2qIggbpt1Xe%2BtuYp0YZNvsiMtgwaG9njMA665aj1vzeHdwwS4ARi8AfwawzKmnLrvTezGdVaJGUquG1XFceSIRd5eGwj7cFmmQqN4cHM8eqnkmhYRsg%2BQ1C6ht%2FH6IhZ%2BjOmYO3Nxzvk0uR46yyf%2B%2F0MSM89ldsX0RjQtR7mFkyU2c63WEWfYEKbJljuNHsps2KXpPpQc7kzKJ7boUMnxU%2BMga94VJ73ew%2FU7ax8gJhHS6BnnaA0a21QRdIQ
2024-12-03,跨年晚会的神级现场,晚会 233093,https://tophub.today/l?e=c5a9apqkUuF%2FsD57QbbSKZMRVyIMi%2BeURWk6MU5vc8bhD4vBOI9zJwN37K7WALibUx5pQFhsti2bkw5PDs0%2B2hV01F6koLYjOR8Xg3WbNTlugwwkIqQNC2IURDICJo7P1kr2GW0nK%2Fdo%2BsczsJ%2FmNwy%2FXOZ37GAFifNZmVNtKTAu2teuWMxg4ZCatb2gsGYI2XClLOPeoLK2SNxBTmoBNnGNM0%2FANLDlnsJ60mnwESqAgxoHQZx2Z1st5ZIkRkQ2O6clm%2BsWF0q8wu7N%2FH%2BSeB3uwtrKJCp46SIP%2BwLqniE2dV8MaZCGK7DNxgI
2024-12-03,高校要发挥婚恋教育主阵地作用,16.1万,https://tophub.today/l?e=24e9r6%2B%2FMwcPh7r5NlLdSmZVk1xaXBlMpOTzJ7tYphoFpTuAlwQL4lRHWKe8cuxFNkrl6tsg0LLsEG0kO1QqzbjSemqUu3TuAm56VQ82irvt7K0%2Fkk2ixvzQ7Nz4f63LqDCb2A2PRwcNTkyVKBYBFv8RnO9hhkg6jnLaeWxHD2KAlMOsDZL6QxhRmiUOirNv5XEldvNBk1LG9elq0qNH31sjfAlJs6qRfO6ibKNgx4FHL%2Bhi7p5iT76lmvtQKicKhNY5yM8HHQS%2FvAqp99VktlY%2FUpwyEsda2X%2FdQauT3ifhKcI0%2BJ6o%2BFI9txu5LjfLcnwbhFeLPe1es4qs9s%2B%2Fvv0JCJm7ZqqcqzgMtz1O4nhu%2Bp7I7qWIR1z%2FQquwwWM0YMwyoyv5kQrw95nqh0FZXwbkiYhMr0U
2024-12-03,人民币汇率为什么大幅波动,16.3万,https://tophub.today/l?e=82d83HY4LOZGy68R5oV0l5mIsKxp9Y3Jvj1LJ9kJOWFZqULFJhkgFhFzxCl5PCmsoW4Z9ngD8GmMMLWeT6NQBuu%2BFBlTys41YgfKT4c2PJaCpWqIAgPtbNVpbjRFHQxmKQLVqpSgh4w5l5A12defnXzL36s49iwfqeaVqXyCSYkilRTVRxhDjgDoD0velanpqyqUyj1GM6BUOnXQWxVwwiAcO6cabBvWvIs55aIJEcDIwISMdL5N0dQQrc9hK3cTLgPuWTOy7pkgs8MfeiR9Dsq%2Bo0S78m18Jfi%2BcI%2FZls6%2FX33FkUy4sqRFh6jJDS2liJ7dbdQpW422SBb8NBI2VXFORibAr4C7ORD%2F21zpqnwZj%2BneUzUJ8ZM
2024-12-03,王宝强律师回应被指给演员签卖身契,49.8万,https://tophub.today/l?e=1ef4a6I2HFKsAnoYc1Z4w%2B7c0Q2wCvUZyAUFEFMbNnFCwPADrwrOoJvzjW9Z7cCjNoACNehgmTXg678xPXCve%2BH14x%2FbOUHAfu0j%2BYUATEFNSvt%2B7jhHHjC2t7PEAwhEhTaEK3GhpwO5zD4fhHrUeua8J%2FROFyTcwTwTJ37P5wU8nFPnnFIlSxtdRJqu5QjMiAdZg0nmMIMWb2z0UvWXSK42xdRorsyW5g2y8q23NVfvJ79sPYRcDaixiCUjq5Aw8MtDsHtXToLgY4TMfdzg2k0ErHfHttk%2B9b%2FEX%2BPIzVcfoNeQfEpaXSa2us3DicgKL2%2Fy8fSY3v4oINQwfDBjGuEPlvtk48Q5leZXP%2FPSEzaeFs5Ro7L3sQlWRUXpCy%2BKcU%2FFw00C9uV1WqI5uhsP0Q9MB5E7UDls%2FP8j%2FOFPVv9c6OAKbomtHTMmvaxVE4o%2Fyy07T7Q
2024-12-03,王一博系扣子vs不系扣子,23.9万,https://tophub.today/l?e=476efmTsZKtHtBkVZ5nMUEmXgu8De%2BxdI2VRYaz4cBJMZonrMKhLxIn6xESYHUe2fbMiMl%2BaTRcU1nCH6qfexb3ulYnlpYyJ%2BgMmQsZjmug7hSrsMbhyNFcFoYzPqjlriQTp9fcJT2IoV4DVqTT%2BFzlUjxUUvNJnl%2BGrn1BSm1jue3jEgpYDsgAgcvoVUvWubvBpS00%2F7cDD%2FGK2OUQw%2FS64MqnkqM%2F04G1f7pqEa5gd2xiQmS9XsKkeQD5XadNGXRgmwtG51oQhrRWGEIYIF1HCGYrgDY1ml3mm4KiXAGMq2THQgY97%2F7W44dy6P9VewS3w7%2BDB86upqmKuNQ
2024-12-03,王一博叠戴粉色珍珠项链,18.8万,https://tophub.today/l?e=44ac74LNSm%2BjWOSoEACPjvprGxnAhzKQfVQU3INTN9dJ5MO9iOy%2FJ6VCmpy60bjvI4xLvkoQ60EYoVaqWWkpgCQ1sIi9cVupkOEjG80IFQHCSrzECVLEq2xS5SW7B7byve4ViDm%2BklSPTVA%2BHBvH4yt1TVLLAAWXUgeAy9EOtO0kTcSEpdnqpJRGknJ5jR5buv2BmyRpoqwYc4wnZAlNjpZKRhnJCgzDWH8A9c2tfdj5ovfD7dtcv5z3v9IqHvE6qGBcp8U40ipVI6O6QDxK%2FLRjKVUhHWsL2wsMU5gWWUISwqim1wifcqZBoGlOZVgcbNl7TseYIkhJH8vOEtUUcDOstW44R2HG%2BBw
2024-12-03,叙利亚内战再起谁是背后始作俑者,171.3万阅读 | @看看新闻KNEWS,https://tophub.today/l?e=d41abcGETi45KKRol%2BXGzOoDZwK2HhtHAiue9dAjqrms4DmCTjgA0H7c9l8UvHQvpdZGrV9WMNnmQK61lCWahfckUYqhNPZl7v0hbfQK70y1Z1YMkJ4LmrnWk1%2FvubuUIx6edLQx7TSuDV3nA%2FAj0c9PS2uAGLVlf4nkIQx8YCbjVOF50gq1FSY35AwbWB%2BtqKGGsvSv30UqMAlMUr7XwYJEwcken92WKgoO3epHwSgxKIjOOKC95Pnwb8sfToYeg7yS4qnrlEb2Ro4cHLId5XI4auudC0nGNEUzLit76EAfFWtDPnHmI0NwVhUdSELsMzUdVNghWAS%2BvO%2BP55gUK16NrV0u0pLroA%2F2I9FG9xNRXOa6JAqLAmpng4MU1hhOJDdPsKPlBTMZAoU1P9FhT0H9H2KnWT77sciIOmryy%2FaIdVgEuSw
2024-12-03,免签后泰国人把重庆当第二故乡,13.9万,https://tophub.today/l?e=1c459S9c2H9VsvMU7h65BdDJZsqKPGsbbPRaMDpMOL727v6qT%2BEahsly0scvJeGQjXN5sRMqQWsgCyUoxbm9Asha5PAQXZxjNHzc09IDCXUjSB1WEqXPEjr3oWmuv%2Bo%2Fd9NoLwJEpiqq5zfA%2Bwq3seG2xZSYDasPi65leZSWh3hsLSUDxAoTglc4zFEwC4rt3P%2F6nqcBcxXX72u3ZWziHpq%2BMqWUVAF52AFxNG0TICx1boN2Em0RKfeqcal0TUAdcDOkoliJF4SD6Exs5uGQHkQNjzkXKZ1y6kwCbbDNLr2ZrUeTE09t9UTIUjqJq%2FLLgl39SxTEOopvFgrsWfW%2Bp8ld8Z%2BD4AIAP1fvHvGWekjuZ0TkqHzAPZ1239AZ%2FjBM%2FH81JDKo1I0Y3GJnWntnlKQskDcnaxA
2024-12-03,男子欲潜规则下属被拒后称白提拔你,116.8万,https://tophub.today/l?e=a953RUeEqAXsZRfgkDlLXID12O9bVs0DiSagcjXZ%2FCFjTjJVLqLctjX2iITV6ezpT%2BNPEPzdYfH8UhKVQXWX%2FR96MajGdUGzHVHLIN0zOK1EA1m9Kv4MVjVmxYhjra6oznmpkdglHO9kOqYVdiY6A7FdV1argC6A2KFOLse7QMe0N8oTxaNekg%2FdYMSqsJGxd0CgzfopID6IPz8vjaeFKX16tLvIZhNPpJZ0sf0xJ4suB5UAZ2y9XNdxaWkR9n%2BJqfnBoAANbAId8Us65fBavPqSgNnwnkGckzlG1HujwnZb6CPLlcavt8%2BCJUY9c5K6PHdas9opIU52gHAjmG4cH7%2FprXIVYlcFFH62%2Fx9a5czrc%2BnakA0V2T3c%2FokY03Sk%2BoUVeTWCh8SX3XFnFZ45Xg76PPxGqFMHmn0vAO2gpqfmUrlu6qQeOmgaLJ1Yt9HrvYoyXnY
2024-12-03,单依纯油纸伞下的东方神韵,52.6万,https://tophub.today/l?e=6626Yu6h3hnRxVGNtJbcT33FL7B85YkWk2Du5nmkSCWwAvzFbnuxEk4fSRryjuZlWQ7Tr5Ur9S7GT5IW3TcQHXsRQ70CHqW01FqPTWBuIl0eP9OFQJGCJ4MWghyXGgY%2FA85SfRc3MCZuLmSWKrHV7XYPsbHrmcZB5x2spbRM56dg67IZEaAuXwI1IXxQnncvv07n91VEdTtYurZ9%2F%2FMxvA76jrWplmHUpOszITAGhbhVsbOcc5zejMpEMVOrjlEvn%2FwhWUWXDN4NHhOgwO%2FKNURPW8syM1Juy2iyFzvWfBVYm%2BkYRHy09XN4Ms2Z7QQdIW7dWrjNvJr1LVnC9FA7mYoYv%2BTjw8YaRCwpLtMGRceunPnHBOIXJJ0
2024-12-03,王楚钦继续排名第一,15.4万,https://tophub.today/l?e=4318qWORZItA5ezDfXrnbc6srGoCfWGd3OOGFCbtNkCNCvik68VAR%2Fvg%2BD2QKOPFxG8B3jIQLo9bOs%2BtVjJdioL2n5Bs3sxtIsSZP%2Ftw6aZ8hP479W%2F%2B0KgL6YbWNY3J%2Bwq8BXAFBFrPfY%2FOxeKUpc%2B4727NqWO0lwpIGRUE7NB%2B14lI1uc4LA6c1DpKoHqyjEusihVnQ%2Fa75C6Ok%2BXP0DjDJ8Ubb3l2j%2BGntuQSAeS1LDG7sQuhhaEO3bNHFSt6FkNhzX%2Bpbi9e8EzF2GkvWR1V9iUfON6ZtRj4XlTwg8kUBPJqcHF1XidB03o
2024-12-03,深夜未回信息激怒领导,289.1万阅读 | @工人日报,https://tophub.today/l?e=8334Vues4UuPJtqQ6JuEEYdsinBWViyDfKI22yWOBxVvuMApMtg5m2UcJNYtUucWHzahdd2lnyNhkBQMP3OQSYhnR09cbRehdReKimf069pM9r077hLhjEXhi06KPmHOWQ8J1h%2BcKbw4V7bY%2FLbNboCjP7EHzeZsXNTJwEmd%2Fxf0d5eGQAONhXl73V01csNY3hGWAOOBAJOEWV13DwrzmAeN77FI13JPPWWoIoe4URrDCKAJLFn5DdKLt9DdegZyT8gskyFh91D%2FaPkvtZL5BJkTD646svI6llhBRUmKRJEV6kGmSOi7NtVivTufY3B3qwSDxParXaJ7EvA
2024-12-03,何依婷怀孕,38.5万,https://tophub.today/l?e=e04ctXv2CppRlOy6XtV0AUuPxUHJF%2B4FECuzYAcRRiv73jZvN26GIXKuC%2B8Czx7hxjKXtPH4kLIF%2Fp4R%2FtqoKUkbB%2F0Ke42Huqgmk5FW5UAe5SmlV9hGnwRVl2ZWU1ywtbtI1%2BYD7PkSVluLAtl%2BARjkE07bK1fsDvDgjXiVjimyITZOZ%2Bc7BiArbWPR%2FDBjVtPQcrr4RI6MVPzTuUzTau76E3JLyvchgV4fqu7D2%2FA
2024-12-03,一乡镇公务员日均接收文件通知60多份,69.4万,https://tophub.today/l?e=283cGEgz%2BO1%2BAfKsayfxniRz3533owZWpq5LrDTi%2FU%2FVBkgxeZOPuoo2vfJ4OOiDsz8AZamxyeP5JUzcUg%2BdSedmTdaOIrI6JFYBoz2rQJsjDnRxHT3l37vZMcACATKHKrzb8oPRMG64yH3YQVS%2FssMFNqkDDIsa%2BolFnKKkW1s3UW3%2FwdVFdoFSGpvX5kFmZrpfjTtSZxehX4dieKjCzq2qdwTZrSE0GS5SApmE37PC4ThKI%2FJXMGJDlMTnwrwW0C9YgFcjyOpWk33cvhJDz226aEjdXjF4zLQQMhxlRmXckBkTrd6oqmdfVf9zkBgNZ31w1YehG3VETkx4W3Q4W4hx7jDx8Uar1AIOzzRVFz09IOUcbfAaKYnDPmsfU%2FRy5%2FgYOQPXeD1LyxdQVHNjN13Y0IjQfuyp0wiQdCHXsUIghAep8NkDdzVUc1NLZiYTKpe34RbiCw
2024-12-03,56.9%的大学生不想谈恋爱,17.4万,https://tophub.today/l?e=7c86b7frb4Py8XeyEDZ%2BP4tCY1RZCLKGVJnKjhTied4f3nct7YAbjnihahqpUNzFKKlUK2XbX%2F3dL%2FkZlevv%2Bx%2BJK5tMPQud9IpXhRNay5bFGy4ke02CU%2FdZpEbkePpRbLxCgSghWI3OX%2BQqV43D5Mt3dSNsiExIwjF6mQHj5YHd%2F%2Fw4Bn8ILkCCUDIHIRvvpAGLnJ7mLwGwHiHlcLvCOo3JaappDGy6F6qE6XQaqF5hQlq2yjg9ZdfqG1GzA5JfYzjH7cEK6CKG7Z0D0qXGcBpRNFXuC4YIBN1LV3i%2BfAWgK7aORmkkH5sAxJFlgwkPoaor4yY
2024-12-03,有些语擦师明码标价提供色情聊天,277.7万阅读 | @法治日报,https://tophub.today/l?e=9aedJZvgKeSoSF9CETwphBd3fVE3yXEpdaigf4zIpFxOOqmjOD%2F50pR7htJ8C6xSxn4TVqZVuDUNq9d%2BsL76f3N0Z9A8Kj67BuxMzGjVwiptTqg7aSPkw9QRXDz7F2U2kiLynPVMHAEdfwSb8QWA%2BbUS28Kgk1YEZB1kRCnCIPDoJtOugi22pwz%2Fe0xR9Of8GjAh%2BN7MirqamS8ls5Psoi%2FsaTXLKOjD5z%2FXkoO7Dv6ZqS7cSSx495eM7zWBJoZZAI4zLi%2FdpfJlbOthH8V2E%2BCXi%2BBgSYwcDAbTAvk9uvg19HG%2BUkmphXF6kqSLkBU6PCK2ZzNfCxHJ%2FzhWjeQF%2FPvaC%2Bb00VKs79yxppYIFfOQxxjBXmuXo8J%2BpEG8G0reUyBYgLiBJY7UWtGoRunxDbZBe%2BvcvcOnzIUdxtio45Qsv3Do7IE
2024-12-03,辛芷蕾穿刺绣斗篷看秀,42.1万,https://tophub.today/l?e=3477O6ohat4z%2BiuRkvu061hj5d9MSDlhN70bXoApwhr1cLTnX6EOvJR%2BdFnias2%2B%2BZUHG3FYdMCNT2rslHfcI6n1hVIA2%2F%2FFlQ5gh%2BUL4w1dv%2FW9GE3WBEIydw%2Bowhb8Jdf6fXVD1sF1eUAUp7lGm9%2BrNl7UpWdyP76PBWcqViiWRW0%2FijDiWQFE5xLFFgoVPEbrPc%2BUMOm1bJpEiFTthqghisuEX%2BDFqyQu4MPQx49LqGf3PK4SIPEEYDgOz%2BzTchW3nCxLg6qIlDtCBc6eqn%2BT8SO1fSU%2B1qrZfDQxHHZQdYrPgloV9VuoPa8raHldDbdp0dtNObqLUBM
2024-12-03,长期睡不够身体会发生什么变化,20.4万,https://tophub.today/l?e=a8e2kpXDrH2GFWejN1ln647JcrHJ8BsXStYQ5C3hRC9EZWJBJOZDmrX0iD9NQhPzK3BRhbBpk1NwHeljFfOKE1oxIA8niS9SHsJwDMS4HkyGz3iKX64NfpsL6r%2BzJrTOcFA5MdaNkKs%2BGSM7yrvzv9iPz%2BoN5PFSwnM0s9417D1GP7ZpvqSiKltJnKeQdPazbL1E4kY2oTMxxpgCHRmuzcwhJJs2w5kCQ%2BrxcWI9LNh8R8Hjrh6pmeUvsm4TfmZOdszeCNLWqY4hW6y1Wz6Qvvl5POhVomSZFz8J6E8t2izIp72CdDx208VdPKkxuN76kiUFGTNUzck1Q2BSRMrERn%2FtvosP5yhIlnB3t%2BYPY%2FysOkeP0e0Mt29fYuv%2BYhlSHvO66Hu79kET%2BMAJ6jAb%2BkvqvGQ7fgY
2024-12-03,王安宇 有趣的灵魂好看的皮囊都有了,40.9万,https://tophub.today/l?e=b697XFwxt9mtK6a69dUORmq%2BQupvMNGrIrlIUL3zG9OIoJu2OVM0gdujT8nRKfCWf05ROiQC3pcmFxQ8NkW3PIEieIVk3Ya9VKfOIk%2FXHQfiAtstl9TbJRMSQ8GKDyyjZzcAiCOUfXiCB5bCYbCm1BnZhdPaHsePNM0GllY2onIEkS84voYKJx%2BtgDmYoAf%2BWgCGPrXyukzVT7m1BtKMeIzFp7Bz0muVBMwsPuyTsb1QxG5NQdUWvsD9Oyz464sd8IM%2FJIicod%2FWwqeYTc%2FqdQC9mQqbyBhf3T8kieTsf5amC9aHyfxUr8HlJMYZ73MWpoo%2B3R7p3LrskM2H%2FEzfOIkpZahHPStykg97%2BtCJOAi%2FZmJUotc6Mu5G1yxAZlH%2F15XEpIFdMSRYS3uCEJdulk6DEDq9JXnaVGzcAHPGqH4bgSLsE8LCpZv9ab7qv945yJde8XK%2BkvU
2024-12-03,马龙笑看台湾绿媒造谣,62.9万,https://tophub.today/l?e=dcb2gzJuC1blmq%2FcRCWLT2wpwPfjLPFeQpQ85hbTf1bvrnZKtCfL9cvLlgUAe3zhq9iWFze%2BirAtML%2BIdBzoe13DtaRSb0Rxeq02RH%2F%2FcUFE4RBrMWdTI69o9XlbD2MKAQuBRRxQztblNPMBqjKd875pPXO3LVjXXCDKEIir1Zwp3101JEhUWbWD8kM2eNchS2Nmhbl8LLjdhdHG%2BmY2Y2rh5C7pYV2r4L8s44dMR8JfUjlayKyu54fsobEo3JkLsvJ53XXn10nFtBAFAGge0nZJtAhZSXV7zEZn4NAU6x9aEJNttqVxV%2FU2dRYGhYHsFYRanv9ORpEEUO8
2024-12-03,律师谈工资被折换成购物卡,13.7万,https://tophub.today/l?e=b918IFSwJzYBzRbR0SCZSvWr8hlIJ51Pwnj5%2F0Te9GCuHLkreR61jXeOIuve0LLX8monBFwrPIq8mpdsk1N7wbWQgTuBBRW0ezwUg5L7xonVtuxrKNjp2xmU%2FOnbnu968sWpv%2Fo%2Foe%2BBKfCIRdR1OcrvB58B%2BbMkMZSOYPwTgybLyGhYjI8%2BiEjV1q%2B8LO82%2FgYjmcWUHjy01QIb%2BqBq502KvjExSUz3KutQX7jNz7GLrK%2BlC96SoTmpHlo4tKlmbARYCKM1DKrS8GRjWhp7uj59DFS7FW%2FP4jK1wklcZZIO%2FRitq7uct1zaSBU4eYmxjACRDAZHK4GFZ30ahUbwTfw%2F%2B5ppR2CHXDkIk%2FOppEIIzbTxIjDkkJg
2024-12-03,张钧甯到杭州就爬财神庙了,17.3万,https://tophub.today/l?e=afabKciHu%2B%2FDdC0jnt9L7VxhP17LbQTfLStxhZi8JwWyF3PXufwxUWYjAGNlSY2%2FjMxydohjXPQKiPd4PYJPYE0zbrH3FImpOKTBbpPySInYctrnVOfo7I3yDlIXBSIqdZZyXWaHoQ7LcNVi4u7NqtCTl7F9Qj1NTva%2Bxt1BdFYp3ODJrnb5P70uGfCoZircpLp3YSCuX3bVp2qFec3uWtyKCwbaZeC3WOgNh5fGFu5NsWKA%2B01bg1S2%2FsljsZNVnsXYI0UGocUfTb4UZra50Dr4RjGrt%2BkHylP%2Bqkr6z%2FmGB8vABQPJ1HfWOeBnRiEmzXNtF5SyQe1kBZzohawOUNwI6ymz7DGqd1Cob9Wft2Q15SlkyAzjIp8
2024-12-03,博主称男友滑雪太好被限制人身自由,259.3万阅读 | @津云新闻,https://tophub.today/l?e=0b28yyfhb7hExQE5mibbR90RSblJF3qYm5il%2FhTVopfZFlQOhaekWc7kZvA%2FTNbyTFKSrqitw678R8IgoiEcgfq%2FXSPZxfnJiaIq06kgU8HHEatTRFBVUfc8SPj0Vv8ELadyaLEs8v2QNOEPBHTeybhzXrrfTomSrKse%2FdtNdzIBbeNvjy5dfNsfWvmkNPADd59D%2FgzEysy%2B0p4DAObouIMkivPMvZNjPXOQfq31jPWKySSlcEiOVRhEcOb7d0L6xloKEiD7u57lJpZjZC4sObiuc8zK%2B0axa0t3mTs3rR2PDexIoaVMl%2FaZuNSGbWqRL%2FjG8Zbk2oMUB%2FRp5oLHa0Q85OCM6VzlYk4cBARY3bh3Zi4a3Y52dZmOFXP7Tt8ofXJPE3LGdmEBGiXx1GyMXI7fqRu9eeGhcL6AcymJsT6lJ76zTmbhQt%2BBjqxBTit%2BOoDys8A
2024-12-03,王一博中午喝了粥,19.5万,https://tophub.today/l?e=8430WR07Zr7m5Tqdn6Cv1IY0HNBiZUXGhROqJFZj39lvFb6ktEFgFfC%2BmMEQpWEh%2F1Wb%2F3gps7GSQ8FGtYim27HTyD2sHPh0cYk%2BL27QWoV3fKPxGecKEqcQ8uja22PDZVX9S55z55WfMpioeqd%2BjM73hGGZd1S5MrOlyCpcaCkQFquwuNtFcOHJyB4dO3QiO71vnWsTfjSyLw5bXNqB%2BsRtidF5NbcVPTxbf%2Fz39OonUTVT1tRDwdUYL23JapHk5vKJbRvUcGF2UN5aGaL9dvVXifWUjlf9Pc4iaQE
2024-12-03,一个高学历低能量女孩的生活崩盘,634.3万阅读 | @南风窗,https://tophub.today/l?e=a846LlZweM1zftEnPSmPSTUrDn2ObIzW7H0R%2FvLc%2BONHyHKGONjJK2rpOSyhPv3wNQjbZbB3R1VnLVwDkXz%2BdglSAc2ktFjGg74X5PEhj17aVmELsH1J7pjkh6jlHq3ziBaQlBiUhXz0FWymYBR6YJHexu%2BhWPTTcH7uUY6VBuwNJYBan%2FPea%2FLXSc0jurGa2jdfx8dKlsVBzzm1f6Ho3jK8yEOZIJz39UIGGmg1XvA36eZNC592evvTxVC5YywLrYD0S7GgNhyxneohf9e8Xw4kvecpgdPchkWbaLVXhe%2B2dm%2FOSvrG8kLVf477Ssgmm9KhLBDeuDDfZeRzLsLhMWlSoUZp7AvXyKwHippRiAkLX9rs6MXyF%2BYJXQr0MZmPqyGsWLbw9xD3qFPD2sj8C0tm0KWKDhT%2FLDXmFaN759gfZZ8bPGM
2024-12-03,男子一人扮3角骗了好友近45万,210.1万阅读 | @上游新闻,https://tophub.today/l?e=5f40e81f583dS%2BGQCx%2F%2BSaNbomrq88su%2FJyNpuUIrVCTPkudi7hLsiMyBnBLiAJ8ZOtnQi8nJlUs%2B%2F%2BgqMX3Lfv%2BuS85KfcVCL%2BS92APxIsDvJgZ0Xzf1WaSwMjztVmY1daVs0QVv7m%2BOx2SmxldTN0%2FQ2JpveSvzbpLic25x%2F7EFD8ANURpdJfl2NUhAoF94fpiefjpXUwjo6XTuQwGQ0wtzaPlLECwwCv6feRJLjd%2FJMlcX7NcJrdxOxLsmoPywoWX5qz7eLrxIIw0JxIgrnvoCq2rkGVt1DAeSPQwOE%2F2fmj5lY6Fu7s2lqnLfD%2FdG59v0F373%2FVzodXjuKLH4V864VoFGa0UPOD0h8lLUUfS1VepAGJvn3pf1vs
2024-12-03,曝王宝强公司疑涉合同欺诈,60.8万,https://tophub.today/l?e=762dInf%2BeUhT%2F%2FjzI9Dx%2FKXHl3vlUJi0airYLT0sherAW%2FN%2FOjZ4us0zrji8UjhAUvd29kJNWbMOfq4EKkLxxqOZbSzJM1atpnH6Wh%2B4x5pbs6IGt8yGCL7PuEwlskRORbnPt5wgX6wtHygWMVLYEfdOBHo%2BG%2BQ3g2d13Jbx8cKLpecUT1tOu4sZi%2B1rct5PWfiSIz8krtreb1pEWpzHBHmNKnMjllg8L0lRnudUolDI%2Fn9NBw0bkJ491Y%2B8tFMDSdCMyCafVwF2Q4lZeaRYAlU3jP9zZbgL0idf3ZMbqcFrCkDNkZ1AaVjiSbARRGUWfYlUkFxPcuic3UgP%2FHW7Awe%2BmhgzPRQQIOjrTEj%2BpCQcuYsFuLefoj0
2024-12-03,女子肛门刺痒医生用古方排出10米寄生虫,42.7万,https://tophub.today/l?e=ea79fJmp6BtJb3YW54IZKX%2BUosSSxngjjwdr7C%2BIshtePlcgbaSIlDM7nMdimUZEpLjR6z%2F4r8jmZchXcOUmJVUB8sM%2FvLyfITkc%2BBftmgSYCrs30%2FQi1PHqhRk1M8q9Ch7SpmUVEw77I48MNTTfKu20WpNF1gAxltGswxobxpeXB8bSphUdbcXElaxdQeIaYduDxPujAnXpGo7zO1nqh%2BOv6Q0KHmaA5luNKmYkccDU%2FGMf1nzNfhzgdLz8ghuPEEGHl2n7j8J1WPgmV34PaL%2FxFmdknuBFT3JgCB6XzFOq4M0CacbLaOVXtC5o1gzkdmYshVpLwds7ekofLo%2B%2BQRL8ExKH7TvcGQtxbpKbRE2QdlqW3h9v4m2APFL2pNbWf1FAg0IDuF9x28MfxrPhinee4a6OROwK22o3N8W%2BYJXReT%2FOqyqT3doRRLw8gq9DwlWYm4ZDF2cEr3JAI0HdKHEKseBVpg
2024-12-03,郑旗死腿快开,42.2万,https://tophub.today/l?e=d64axgH1Sj4V0zAIt0bVct55cQJ23uwnquC%2FX0kcMDjR4r8IxDnniXL5OAOc3py6NTArZni51Dn9FfrT2qtQMIggZ7zFJ2pLVOUZxLgu2yEPxCiyBZPfDRYD5oefB1b4%2F66uM5M9lCqgOdb6wjhJR9bNMIn4BEyh%2FLVDfU0QHQK7LH2K9cilQxPByT0DMKvLVIL5fwPKVHYp82EYp6SH47oNbLCnV31lc5RbLE9cQxNsainriSsq%2BZkmcysz6Jw
2024-12-03,吴泽林 爸爸妈妈这就是月底的我,16.3万,https://tophub.today/l?e=9e1cAu3KR0AT54ty0zWF2TBrs6ci8z7K6%2BfYgn96TBRzyveNSIQPkMHZ2qPeUmliQ1aI4G5NM1c%2BPvthb1Y2jsRClgqsLMMwlRTV7Bq7zFNw%2Fr1ljUoTl75KP%2B%2Bt5s1JQ6JD8%2Fpy2EfyLuQtmCdShyUWkjqyxH0NhdCQyQ1G%2B7fa0KkWCdY3HIRY%2FKDSqhMwp27QDgyP3Nvk9M7HnyX22vTpq%2BDEcJW5ywKwVGRqkffV%2Bo8XzsDzXPjjQKFXn97pVZb9RLPAqjHbQWisXFSii2rtfGBG6NgzJb8ZjYbSG2kapAUKIoPmhKoygbADkx8arTJaBly56W1RAt80a0FUi6n0P%2FQ0UFJTS4YdlZ3rB4F%2Biv3L4fb8FC2wSy0SFRHCdyZJlNynFYPaXCwUp6GSokLbLHJp6%2B5vfAc
2024-12-03,陈伟霆的看秀衣服是自己选的,17.6万,https://tophub.today/l?e=98d2dlsCmtoiRTifFC3Msj2y%2F8ys%2F1uz7GCzValKV%2BbalBDRlK%2F946zZI8tr2daRv71iI4cBvt2f%2FHj6naKZGi9Q%2FmheLPQHXeFqF3MACiVMDYhdrcW%2BFGKGVlgEJcx2Nkt1Rjy4h%2BriyVw0Q0FfT%2B8FowEe9e2qwI6628LlSjgfmcDBZi3uly2SJ1giElH8lK0G%2FA6w06934tXxt4p1VRwxSMMyOP8jOJPf2l3XTiK8BTl35FK5mCaf0ZFmMnHkl3NpXPJbIglnSP4mXoyoDnCuBmUuV%2B4c83bj1SRXECeKI1SUgwP6SZVHfMbGAwQFOVnURFq1ZLRGwt2JFk4rOrCwIdQ4NXzEp%2Fa0KPE%2B1olWTqxbTWCntPuVIzgTqkBF%2FLUGZOz5Gas
2024-12-03,黄子韬 callme,15.2万,https://tophub.today/l?e=96c2wK1aAvLK9hVgKGCrDPRTJopz2wTxErWcN0U45wfMay1AldY2bjR2Wt7hGkbREpmcVRcgv4b3vacRfh1vjJD6j3MRqOsnk0iq0diV%2FJ43NYHnor2SsLjs40lpkyf4HcdFRSiMPFslvVTvjY3LLeDda1UPTxmGS9b%2B5tnJLaSAgZdlKLnKCd4SJJqqGPdIcxCumK3OF1%2BHO8g
2024-12-03,张钧甯对角色的理解角度,17.2万,https://tophub.today/l?e=505dR7CW4ZMqkxJOF3LGkA632juX9rUyDBl6YbsEh3ism%2BESAu4803rNYKA6BMFNN67ddYxtHJxtxistSqE%2BATTbH%2F96KBvTHv%2BIvUxdj2EIi%2BOoWPxpqz2fXx6GDrAZBFtto6q8BBx8pBV1igi8W3ooDDGQBlJn%2Bi1nrhGXw2%2BBUojLAePu0E4Yn4XcH7aUpzgq%2F4dlWONLl6KL9FYJioO46ir94dQPhHA0GfO16cQLyuYXeoyIf3fi%2F9OCpTbS%2BXs2BxoiGay4R%2F6i48ZdioqYBh6rwkdOZpXwi8Ncr7VgMlteEZte0eA8Vv%2F2oYmv%2Fziv8au9tpz2GvMThtsZmhIQC7osN28zndk
2024-12-03,烤匠代言人全靠野生,16.2万,https://tophub.today/l?e=2c54vG5EvcATAOSqOGyVxvZFtd3sSu6u%2B2KJd%2FADKdD1zasm44fECScqapdmnMrZtJpnF4QT4Pw6DDPc1ltFnpt32P1QVh5pwam%2FEHPdAMXMiPsCY3M6cBmGztgrnkggJssb6QbqQnYEDEjKOVeDmARkjoFTxZgdmIHSN%2B2KGm0TLJ4PlljgzXI%2Bi80GdkRCsnerjg4y1G7lSa%2BFrxdpyx7VhqpUMmImz9c7QxX8f86GLkkkhfRkSC7XaSQ%2BLP4byxqBLhIk8J7WCr6cW1pJ6ESQ%2BrWsyQGl7EHqcjv8zoTrRoMD5XAy%2BN5PcxE
2024-12-03,博主灰太狼因胃癌英年早逝,69.9万,https://tophub.today/l?e=d5bdmPGRqg0H0ke%2BBIGdJ3t6HZRDCgQpuSPY7BkEQTqT4kA8swnKB%2FekduAhkTfD3%2Bh5WmBXR5foncg1qHKAqp7ggvityKHpUZn1jlnq17EktcDUn4r8f%2Fc1xBWGI%2B%2F2aotc9yc1ru2hC2jNOLSdJU%2BYUbo4o50HvIOhxu7LDVPLs%2BQuumUqWMN5BzX8rQ2W%2FOO68Jh0iKX0cCLxLPd%2FIgglg84aLJgTFS34PYK%2FUANA63bVhRRFifDUAdcRaPYADybcxE5vrVSRb9PNP4Y0eryAaHD4wo2s54x8l97E6uk4NUjdHkZKXMSxOKeXgTHzrdOFEfPs6BlpqpokgR5xE5RP4hsht10qYiY%2FBIX3Z%2FgJDI3Q3KCGJiA
2024-12-03,离职要26个人同意,16.2万,https://tophub.today/l?e=c9ceIqtsUeMxZ99dRESXlyXZqRkEOohnJK%2B4JABY4V0ipG7qMCOhsJHWQ8pmkaFt61RkXwesB0Diiy1kDQFudwgfUun93DkzqiltFTgAc71HQrp2jJJI032TRHW%2BSZCwXE4dDRSTJBdXSrlQQ046wBZUkLMhBRt%2BzAU1cwYpKQ74xNcK0nKdAvDEwede0BsTP2wrz6AyeEQUE9y%2F%2FP8OyvKDR%2F5kc2eolckA4Vpw2lopaERI0UM2uzrEsCXUo2iRtUEdwRT2bqNTIB%2FjsOlX%2FQ
2024-12-03,豪士面包制作过程将对外直播,652.9万阅读 | @中新经纬,https://tophub.today/l?e=61c1iktXXudUsqTT5RFSPT6av4aLsnjyIbx9p5N%2F1%2B01qlaytu%2Be%2ByGulAoKCdDYUzBd7WQgHbHttk0zHEt5bwQbNzrEEKTRCxeocQ4P8Sz5CU%2FiEqf8NZvlmz289vVc%2BLFKT8TH7%2FTPHBxvbEmqb7dRQb%2BtF5%2BGd8xeBiMXvAAx97n4zLkDMvX5%2F7OOVj5g8rvF0%2B4HkhBuJvOWrbuad3jt5MFWVeLZDrgvHKAUplceVD0fxTqEQgy9aRLTEXYOoDiNDaHXXkNSP3h52EOk4I2EatmeQ1AcDZGVIWJrSAdyCl8NvKQ2v5x5xOO7xGo6xZv3PUTQXDSqyoPDojDycxeSKKe2rZWQ9xRMFATLgtexXrn2uJw5ymJlUied%2BfJvc4JTJfQ0iqA
2024-12-03,唐嫣高智感御姐,14.4万,https://tophub.today/l?e=8490sAtUtmuZjVykAC7plK%2BmRsGzLKtflD8l86kN5bIj1RG1qgDZezpzeNau%2FfBpGkewhTX9QnWV8fYNQtSKCPxxsY%2BsZmeOZNy9jJCsjxxyIKa1VimPJKq9H0R0JM1q6L2QjmkBE6XCfd5g2ReplQpLIUh0SgEvUvZV4WSHkpshj13GbWiZ1CNf00LOeAVJF3Qh8t1HcfOU9HWDJXI%2BKB4SAPNG6KZlgj0HEAJ0SxhFaZw8PQT0lt7gzjY%2BO%2BgXEGBmejh487VG5601TGU
2024-12-03,孙颖莎说我有一个令人自豪的身份,27.0万,https://tophub.today/l?e=454a9f5vdPjNUK9zRP1oAluwq48EvobBoRG3EuSB%2By2%2FyydJAld3zCQFLYAsPxZHY3jZeehIK6hgnedylOA90vw3R3571SbRb%2BILcd%2BqeruaW24EUvz2RFSYyZRALCHimDsGmbLcGWGBgSalwwCbP0NjSif0kax5Q%2Bd2iSy4NkWVosuNVdTIM8IkRi4zrFFllaye%2Bj0Lm9Jt1QDEz8NhqWDdc2uDx1HtTWg2ox2lsKY6dFVOKDAPTVOqLET0sFAilsy1V4BrXf8VNrkAZI07%2F%2BmWJ9k%2FtDvuLOoIUDA0CLGrJgEGvIIVt4xApVldQkYbqQw053j23V8NEZtH2rKeLPZXvLDQS%2FPSyQnD9x8s4jTxUuEct45pW%2FP04kMOIfT7DTfwwBqyurqZxa4ocikrg1oNMxPeLGQsf0eibRdyt4G1mECjNw0
2024-12-03,孙颖莎称是否出战混双会服从安排,13.0万,https://tophub.today/l?e=15bfSCEDvrTNIYmF8iLVOxDtkH%2Fa4YJqGJYLPt56SKV2C5nIJX3gyzcoPUCrewPQzT69fw3EgZw8E0LcqZY3N5m1Yrailt8EiIP2Z1J3jARHyd78ZSYd0FvUaKg6m6alR5YtGHruzAygrRArJOGzHqgFwy0j888LYYYkMnVtTgufL5AJXmBG7AMBb93MXspk4%2F%2FWxu6m3DE0PnGoND9VjyloWH65lwFP%2FYDpOq%2F4R52cS7XD7DBdnRvuLhwFTx560ee5HH74zRPFAFLfeDygCvL3FWcRAIsRxMWiVPDNssM4Ib7Hc9w7%2B4%2F1IlnWaQRpCrUdMR9%2FzrzYotUC9MnqJaFFEp4nzz%2FLFD7MiEKIBtTeO8V94eY7CfLVcw8NlszQA27bm25x22klqlM8DXLmtJ%2BL8dfesHj%2FVGSXu0F3h2or7NNAwws
2024-12-03,农村土地承包经营权不能作为遗产继承,531.4万阅读 | @央视网,https://tophub.today/l?e=19c4NdueDzYc1uqrlp8Tn8X15xzEsOwePOIL%2FyL5zuHrDr35XKNGGCHdMlW2h%2FCXvLi7MVZvrsOhgnuuTIo4kdwP0UaZL%2BZbVFB8pvBL6Dwp1bOfdZk3fBlIxdzk2GIBS4iJxEN1MrDRyP95Nl9aNJOpxxGfQ1lK1ok4UfJNrZ%2FyUkv1ORGSH84Nt8evxwyAul5Ii5cKuUmDanFX3yE3qi6noiOenwGxmsELOBM2YfJ3%2B9vXnhKT%2BXmDvXHiT2lHrBNA4zlGGFHF3eutWjipPaOQdK02MH9s2SYjhguLLgzpTcjSqXLanSiPiXzTVnRuGAqaDLpQWwbgAOxEx%2FtbbyAndDPavVgFPDYokRspJxvKcp%2FXGR7Xy0dtX1ZGn7DpQdYpEvV6O08k7uaOKgC30Kt2HtrHOHiJnvbAyHM%2F4mB3DDyGSihvDIjhk16Vo%2BCTVCDi4RZ9ySUpkRtjjXCXgq2RBRk
2024-12-03,A股葫芦娃,14.6万,https://tophub.today/l?e=e52fkA%2F0QK8n6GLBaEG1TT3HKKfW4oYNEoBzB%2BBBGF37T4W6euovfnRlFsvV6fcQ5HegZnyqN6zBFAtz6pb00S7c98UUuiEvqpN3d8p6NGXbcyAckq3TDBJ0i7cInyWbNrMThIdKJcaQ4N6uNJFiZgyqjav5G%2FS97Y4Q4PddSf3gNCWyW6KUaJckeH2R2Gq%2F9xlRbBH2clES0gungD2ZmrqS
2024-12-03,蛇年将近A股葫芦娃疑因公司名被热炒,13.3万,https://tophub.today/l?e=3224ZkkpW58F3ER3g0dFFQpXpB1lW2s4eUss2R7MiDnZqIPJRBId%2Bg%2FyDCNqygXtFf1GqH7TjKpuk8OOBI%2FY4QdvpFykut3vHxtfnI2z8USsbGSIXAJyilvXQWC1nHKJ2PhbQ0PovRh0cJ0uZgYYvemP9rlx%2FNbxY5m3WvJIktYeWKO3mS0Yp6VBAnEMyovABFa3F5cU2TyQxqlwNKOLiJCYqVoh6I7WxWu6grFzxn07YQhHpzvdOWB9FcShEWM7or3W%2Fo893lLbvsiqTmb7WNfdY0JVip2kGsAAiI0dMjyyBQNOG0K%2Bg0jkRXgiVMGUpL9AJfKyr2DIJTUZ9JMe94kHVIe4P2gDlfh03C2JUaEwaXXAQrlXAGF6vELExp1b%2BpZ7O4AjEideG5RGD35GUrBwLMz1Pj2B64N%2BVpT%2BG4D2vsXSLamRyzHoY2RFWPcWFvImgGM8
2024-12-03,王一博主页1小时85万访问量,19.4万,https://tophub.today/l?e=3141P9FY3U4vxsilECAU1G6iqe3I8kcb2RODlwtpZ7B2QkHcTlZhNK1J2pkL1qtFkK3qMkN80uTzA%2FJTLwwKMCc5yz8D0Jc0yUs%2FvgNfXg%2B0VF9CeapK34BA0dCg8u3rvaUHBNdyP%2Bze9oKXwAGDu3MeGFWrGlAL4q7abAdLxh02pAvRalBp6L0MgkeR8rQIRsVsF0MsPUjtlwr5yvYdjwJzQybnsZ9OH3cjlsCtmo6WC7%2FB8CRKs15vff%2BHT%2BldDlo7M1jVkKLyYAj%2FsAU%2F%2BbFKmm1sFat3UlYoflTGthfQi11u%2Bg3nxukSDR4Bw3l4opGx6qpDm4AMTBQnRq8l4Enmd1hD6XchKufugpI
2024-12-03,黄子韬 callme我去干死他,31.0万,https://tophub.today/l?e=624dSfx4Kb6i4J4x7ZhPaPg7rYYwEDpluR%2F52Pe8FEZgacqjd%2F8DG82%2B9U5n%2Fz7i7bFnScKAOE0DkhZnjvFv2Z3pcj9qClJt%2FkX8o9DpktGFbZrEy8%2Bhv8fbVPuq%2Fj%2BXnTayGUA1DHBxOF5vZJca6qUFJT3GWv%2FLKEmlISCZn%2Bb8%2BY0G80v1X3WD3vUHnlE%2BAt8U89n6J4CUVckaG%2Bh2Ha1I%2BAF0gorlAMKc9wtU2LZAIyTUHCaubHBtWfp5S6rrFrnzoK%2FZgI%2FwM09OHHvjW2DthZg2ICO06B0uAXg6rh%2Bfs%2BVc4Dk
2024-12-03,王楚钦又遇到不给球的了,15.2万,https://tophub.today/l?e=ff9f5ALBxfN3EA%2BQrHFePWpqCeSTOkM89q2XGrXF371eBq6jy6QQdVaSNm7O8tqdH90XMQ57fJ5d5oAaLTSZGeXIPjlFg5zkXTxGRgxfR0anW9Dr4SnGsC3o3paPZv0ipw5qsKGvd8RYAWf3zaGuw8y1ZSQpAGoY0W4eF%2FjnOQRwnLp8%2FjfqjK3CAZdv95PtyTLJkndeXILz6m0TnlXGy4rPxHifnvHwCQG0btaEDVoXyP9mgugqKxbOhsHCWAkBt1ZDGLPWYBVtbcAhOTFSK9vWGc1vOQ91SDcvMxybdjk5A%2FubAf49HkaQWuV2kJ5FOE%2BISFR77LCvqWYs33HMd7A9bUo4fmjIZXM
2024-12-03,周深小犀鸟拯救世界,剧集 162926,https://tophub.today/l?e=26eeH8AOKIYBBMKuFnKKpB1Np7QXzw2jwQgNEskoU1eXfEOoLazPPz2JlJ4J%2FBE%2FOEC5cr6y7TqpKcvKm0XoKN2wCwvNbhoaTNoigObk6OlC%2F2kaYUHZ0maHE4FjUMgNtauUCAgKiDBQazKUOWiaf8XqnjrdMFyiGEy7wLxvWL2%2FPPeq4OyeAy%2BRCvO0tf2Owy8JEIOXyPw06TmLf2ziUR1rzepejg%2FKf9DPKc4sqEIc93ruc579xyipfzKBuTUhJAOdOnA0Yr11DaRykc43TgX21B5MQC0dU7rp3btyIrg7M5OOWheQ%2FbpdTcw
2024-12-03,于正官宣吉天照女主,25.0万,https://tophub.today/l?e=2fa2iwoKxjz56fP0nkuAbo5ssMDoIBngvsL5Xq%2F0NYiAXnftMBXqmLykx397dfGTv0vMPUvaTrsOU9dtfrvOGKN5OA4bQc5ICppsu4Zrf7tCUNT75BgC5ntEgaes1PxD8tYQK7nNf7HSCfQUmnsb0Uf1uqZIfqz72QOFUrexKDXAUdFJQpDB54B7eC0jYid7ufAbVGuPLH2ycIj8w9uGTMapHCkguSdqLPWrT2PipoCk9HtUZUwqF3Aqn2qGLz78zEmECnLZfrNOlbrPF%2Bra5%2ByaNeL%2BOlWhs31bhL7Zusun%2FektKpUwCfd0zt0
2024-12-03,孙颖莎说时刻准备着上场,14.9万,https://tophub.today/l?e=059cHcuSHk9xvQ6XjxDNFzwQvpYhVpmMrG9ZhCSvBGl8UzerJl9cppJXpIBW2JEEYqE0fXFelF55o6q%2FuA7Uf78IdK2SLnjUvuDeZCogDgEeLwY%2F696kaGWpv%2FCuj%2FiIMBKd5RlSB1Mfx%2FD8%2F6ajLjGh18Te%2FJibJiZhLm5HWZi61ll6QVDSzx3iUWPIfiol8GFZSj5E9X0pf2WHgwOQsGhYd%2FKPtfDzOSJZAH3zrTNXWCv%2B4SIsehr20oASIuBC2X1whPyP0TUGYj0aU7lgXLlSMNzRalsRh1u5FRcs%2Fdf839gcLsYsnBndES%2B%2FKaSBYhXv8aR%2BlCPvSWv1zdkkOqFYPghJgly4bX8
2024-12-03,国乒回应8比1战胜美国队,16.6万,https://tophub.today/l?e=0fc16nfQdtJcZed2k7E4LTAkmiuQwIEq6DU%2BK9h5z6bq%2FlAlun%2BhSgMcDbmjbnH2q%2BjknDYfQzhc%2BVPD6YhJ%2B66waTgQ0oUM92bo%2FP83Y0hI9ZDbEdYeAzDdyiF0zNE94MkpDuSQ2q1m8j9Jcvjz6TTzmrFMVatk4XBoIwhHTbvkOPsC03DGwR5teSs3FEoWpkhNQTk4NmyDlhV3I9oT30%2FGO3xBL4CZOFaM0dm78Jdju8QiGKK7nF9po5kyPjQjZ7ZGMOWqVpkjCdSRDuLuhnVkWI234xDpTCPy0E3WdHe9Eb4k%2F032cjR6tZNcxoi%2Bv9cmULwMNjjbxO0gUQ
2024-12-03,季英英分手杨静澜又唱又跳,剧集 171803,https://tophub.today/l?e=f38d9mIr1y6dvKh3ghxAHFymfLCuKCtFYQ8vawgXZe5a7Bj0y6d9ESKl2yPxaEjMOHbh5XR0PM9nYpufHTsx0Shrwy1rZXcd5pMQSqPYGVUqzJUHc25sBeIfxeXgHXLYCBXvA9bY5Qz4nTIa%2FQekU08ROgIgV2x9dXmPQoUW6f4IiJJMFu%2Fd0kblqobJJNk8FtZDMdxlD6jP7mxddv4qrWsIiBCZfV2Yg%2BjJJLKaocv3NplYeE0WJzUlx367SvSJqQEbyP8ex9ExJSB4ptZrn7fyxIjSjyxIpSR69bU9cZVzFtDjMXc2EFR3cMhe%2FdepYhasnQxUo0IZptMI4uFYi2frPUO2jhZLMIC6SJgeNVBA2BE2WHRa%2FDI
2024-12-03,女生一觉醒来发现自己成素描考题,25.9万,https://tophub.today/l?e=4f45eh4x0n7D3kA5k0GKz8H%2F6pOgT2w5qU9QSo3u%2FNX9WWRSobOMKb5BzJ%2FmmMhp%2FAv5g%2BWOQR3mS9Ec%2BbdijtIgbvsK0P79AgLbLuXayU19%2F%2FZLW0%2BgEsPx4WGSLnjiSnN%2B1dZE8lPTSva2c7cMPMd2U%2Bm%2Bga6DVV5dClxbsHx%2FebRMQ9DbKC4IWKY%2F5kzEAVDfw4u64%2F5RTBjbOiifHcE%2FD569wgK2B3Gkt1osm89h5jxA0i2Rgx8LzeJiNSDOORHiACNOVZPbl%2BR%2B9GZX3MaMrUnFzMa5wKkvoQ4yb1KV0Tm7213pV9y5g9%2FxPMxtuHhp%2FUtrE116Rjs09ahe1HyKXjWj2TB1GreSAeHzufg4JWNuWZa5yASy4gCU3QaS7eFcvHbiga1%2BgO1%2FxerkjmTJVl5BjN1BZ6mL1fSoXfALSpGhpxc
2024-12-03,柯南M7妈生初恋脸,16.7万,https://tophub.today/l?e=f998nuGA4bPT4TM%2F81n0ydADIhi1RONkpJyfoKj83%2B6oKWIbQYKjjgMCPmjtuk8j1VEb%2FWVI54cFRBBqdiqKNEk4bpeL5JNkqJciTQ0T%2BqbC6ZedQnH%2FfaIaqz9KP%2FFX591NLb5h2%2BW8%2BgBFl8VPoNuCKCJrI812YbyWfSu84siJ3WxWsY3vZ0TOKy0UNVD0dyQhadTnMNj4bBEvbQDHVxV4gJnIzTkT4mmiIt2ATdQwhbbiV5tAAlTm1GT99VpDdJGdgJo64TL3ZYLGhQVuuA
2024-12-03,王一博低头vs抬眸,16.3万,https://tophub.today/l?e=fe15bvOwyyU%2BkPGQ2zcp9DHWxQriZXFYJ1ARToGgH1T%2FNuSD%2FIqPmB6JAWbrE9N3J9IyWaEWDPemN2r8C%2FznB3AgHGipXWr86avtiE8LEG9fLCXDtHZVkTGcJq2yYTd1L1H72X38nV26BA2U7%2Bic9UshY8khTranVMLkbMa7kWLnT3gTByatBztlUMC5DKeb7VJpUKx%2Ft9cRrScdBbuQJ3oqNxOpEKnewO%2BfD2SnwkQRMn%2Bd7aEVJoI7TNsn2S7s9RRAlwMVinYFE8XlSE5sJg
2024-12-03,研究表明艾滋病毒可潜伏于大脑,14.9万,https://tophub.today/l?e=d803cfjokEQaqnpZ0Kve0GiB4paQ0JdA%2BaVxXNPL3h%2Fw69Hh8iI7yrj0mldrT3rJhAtcOEkRI%2F1wSAA3C4uN%2BLdcPE7%2F0aEp6eeSqxIOQFrltw9c1HEPkyjyi5YbNNJfHadZFBt7EstHvB33G3ImCBllw1YFoYWnh%2FheguBY7yphYkP%2FnmkieuNptinpoUyBiBeSgPDnVo4ekZgWPw%2BgxG4HLjWNa1H%2BmS%2BlMU%2FbnxyXAn0KbJHtwlklaFkcY4SNh6YdP28YLJTymehdVQSe85Yf6P5FILXMSeKZBS%2FA5Ciym%2BXrU7aLrNn%2FMBG75J%2Bw8uwVUJISMNVZgp3HiZ1og1XYc3Zhq2lV1QOLGSnh2u%2FImL2dSarHcftk%2BPGNbXSEcR3mqV16ceBhPFV9WXPfjSGkO7xO6ZE
2024-12-03,2024腾讯年度好剧推荐,17.0万,https://tophub.today/l?e=7cd3xC0kK25ICV2z7bCvLsAw%2B4dFUqb2xqJu%2FkABfYmB4USKPTsaA96S%2BZepGJQLdlRNQ0Xj6E67tqdfU%2BfCN%2FE3RXqiznLJFAUCapG3JjtJcq00wQnm0Vu9TYRSa6%2F55rrUIpAt2EGIWC2nUF3d8euq1tnxOIitPnHfYCppGEkQZ4x9jArivPNtVMTzN57HJc9GDyKCznKTmdsMIHPdX4QH9ho3txM7F5ifm9CLXx%2F2L76vzlHxkWewcdzAyCnyL0dABlKONFxAG9sD8uSNLHs2PGQ%2F3nYVvtgjDI0QazGL
2024-12-03,周迅斜纹软呢高定,30.5万,https://tophub.today/l?e=bf15yhv5lcPRMPKpXOXH7OLTl8oFncCa6Q1DuzGBNTnsLS3gYLotG4oECOaqFqHO5X93RkodnnV1ziB%2F89OmKAEtS5Fzqk3HqSke6%2BWYA5U9Xq584t3Tcrg2H%2Fsv%2FEgOFUWRpxcYL9p2ftsA6JanQj%2FbXWzBWZdJT2O1g7YeX92StfEFS7nF%2FlESygJxn9iqGrsfkP1H%2Fiwd99VOYqEpJ%2FRbxsPzhyDH7zv0pNT%2By1goZfuI%2BldZoqTGxo6XgkcMh8yOfHu3I%2BDchLKv45XjovCWWEagnr3iDDjRvuk
2024-12-03,明天也要和毛利兰在一起,25.3万,https://tophub.today/l?e=c48cU71dwU6E5al44tOtMs3MurlH25W5NF1PVlShALHupyyvMdV%2FRrldEFaNZO57JT0b6n0sCtU0kTzUSZc27ZbBJxAYM0YxygXXDJkpzfdxUsGBjUS0vdiq4iQconGf5Ur1ehPDvdw4z%2BnsduIJN920FR7QmxC%2Fz3FACqeVUKhb36dMmgGhvj%2BS13HbE%2FuobWSZ3s2BnEjw8IiOuTTW8ZFLqRX4MfZMy7UaGsLD7eEVb1Bee1j5Kktnu8UhjTG5%2B3TtBvaoKCBYrlEP8fWOR%2Bb2wcHIC%2F1fn7nJojhhtXKq%2BwkDh07oEoIFnoHqMnqx1U1%2FxyRuj3pGonv%2BjJBiHjmUSV9CZmYItDg
2024-12-03,章若楠直播,16.2万,https://tophub.today/l?e=a4e4LIpeZD5ZRwFB9oAb33klkwWkl1RN9lyWHgCXUw2mJdydFr%2FFkLfSXBzosfrs1wWqIvE7rIU5tc%2FynTyYwMPXyAbkSLXdMgVIvG%2B666U27ACbmOzSqKTI6ygkBmLWmhCyFI5ibgEybmj8%2F8GckRU09GYCeCfauWAVZz6KKeXjF%2FUoKsrK1KyT3RoBgZun4TuOYi78HZhLFG6kjJHUG3BOmS6wkCQXcJ01ExCK7xE
2024-12-03,黄圣依家世,综艺 602535,https://tophub.today/l?e=aa82ogigMpf7x1LCMhwlaN41%2Btm%2BSTkmOQWQ%2FlS5Xd4OTplDnDwsnJmgUfnVWcqRm3ASwXBiy1AA33yeTDdXglsJQHARL%2FFyaBc5zzQaebO%2BzgwR1%2FPYPwt5IhFoBKLfhcUqCAVbAcdd5nViKSS6mzKmQ1QyeTk7vMharkOpSv4Z%2BV5JBdhSIxCp8YDIYpPJNx4JS69bYz5Z4RWKc9LzhcB59Kpcl5hWEnMhYb8sxwE
2024-12-03,北大父亲为60分儿子崩溃怒刷心理学,25.1万,https://tophub.today/l?e=3046OY8Qf6r%2BGD2H1AG8i0aCFvc1rVGvhF4lP55EzGNG2gAGwemcR%2B4FwNLyy%2FGTEtmfEaE8N0EDa5jIGf2AOVOmBHBPXPnv9Ixn7VTdFFzdZKtwefH1EUsUTGFQmUl0cUhCMbacZ8BBflvb7%2BpHlrY8V5ta6uGFw%2F3c66OuT37uPIOrEH5CNZ4lYe%2Bp8RZwVjKx9G7ppZ4zxYWoH2XPlHAleAoTBj5zjbxrMcvPcYr37B4GJshfPsBm9SVvy0Ui%2FYopy2MmmHI%2BtmmjKhzY0uxDIe2%2BSSpYHtDu6L0%2B4yR3Tnoqdg0PX6kI3zekEF9PWyZEWOLoVGJy8H4h7Nem76Vsm8XTgmlKJ1yaQ%2BPIhhIqCb4tw%2F22rVY%2BZrmeDc%2FnQEY%2B5jk768dlyQ65cHJ0yS3AuQsamwCgbx%2FRxfK%2BsR1ivaKeHPkKBA
2024-12-03,阴阳师 老铁崩不住了,26.8万,https://tophub.today/l?e=bae8g90qxf5wYEg4CUI0PpKp%2B8QDoWtCdO8Eg98T7uNgFLUfsdDAAtdltXOWbggTczlt5SKorwRCNRuiq4TaDRq0BL9cFKLi%2Bho6Ix4ogCwMROA3R0aOrSo1I8vBpbgyumGzGWDtPaNZeJdvr8l0ZOUjGoBmu2fPvCTi2E15rh1zuvLuChvaEPrqj0iDA9hG8o87SePDU6RxxZMG3ASwliLqBo4pTl%2Fn%2FJfD7GDpX2rLUNNUucefa5C6nvS8i8sA8atT2riHIE7mO0FbwQZVOD%2BYo7L%2Bmv%2B8bVssslV%2B167Pwbs5dldRJfk4crYTo10
2024-12-03,星穹铁道星期日PV,15.0万,https://tophub.today/l?e=9c04YJNE8qEQXMoBAbNyzcID2nCshb4zI275swPr6x6iYb17a4l8vIjjJG%2BKgp1qK1uCfnbwKHkyp1g6Ga%2BNjsBsd8W6w7%2BFroLDbxKFMgqvNOwLBJ%2FdHjJMM42JH%2BpsP8DcQ2ZHQt7xds5%2BbVGHnynukLBqBdZ7uvaQHvVTtKZCr9m%2BeN5lExsgN5PqBNiPtxQMEgBfI4UWrud1TJPPQRrhHE56oByixxr3UY0AwD%2BFk%2FbUsVmEsEp6iQhmY4sLnyRI%2Fng9%2FQ0cU8j%2Bu6OyPg
2024-12-03,英特尔CEO因扭亏计划未达预期离职,234.3万阅读 | @环球时报,https://tophub.today/l?e=5c15sNEb3PlrBD7xvIN1n0b8uxaIj%2FvVRtNWz%2BEZ%2BYxvglrMdTxUb6r8nYXpy76%2FaB6qNfieLocefW2i2Q0KuKWX2qhL1ZJToHtAybiVUM1zZXwdXeXgjcDXVOTwYp%2BfHKsC04aoVQZGr0j917XvjE%2F97AS56gfIE5Iyvk5pmZkM7TKbY16aoHYxKQq9txh2kA4i0MxpstcfGq600c%2FJYygYzTgNTolWjOiUpkeVQnB8ASh%2BDVyl0neZZV3GHwtSpoSAwZMVtfGhSV3HyDMBQS71aXoAzYjEsxt%2BFO%2FmTwufL3z97weR5kyDktuFkxZRS1as1JEdKLvy4v8xOLn4%2BvFyh65%2FEt4Jqb9h6NBnbk7MFSZoEvByJMtpoTs6V9rSuf%2FPgePZPre2p%2Fa6tqGo%2BkyFrTcKwi2W8UM
2024-12-03,尚雯婕曝披哥把浪姐东西都搬走了,综艺 167728,https://tophub.today/l?e=33dbyK6Zdi3LoPEL%2B98HeZ7he75W%2BfDR%2BnimloXnxe9WBscUWXGXsDyL%2FKHreKE0OMF5duDQ6zQlqaJ338dAcrXC0rI6vbfiA8EYBrP1hhoTWduL26VO%2FLmpuFv1WE5G97mVMoZmfzEoW95VCMq%2F9hNVZdJwNSzBIkpkBlQqrcvyqFU1bU0HmDMH79s7t1KFCedOYTSpBqU9ri%2BLjlh0J%2FQ3iMaAsj9C0PIbOL70aVZ5o7Bd8SC%2FSqWd%2FAeO1dUjpWC6SPG7%2Bodyz6NQv7YnO9zkLTHXTRvpjUXjVJnDHYUQqZP3Iye%2BIhVACnoAoSUdIa5CvkLz8Fo3SD9WT88%2F35woPGB5MeUBcPTqRuDPcySNC66d3YN3oLeunmpeAnGkdx11A6YYmyCBewMR0Erdf3NfrMpoRBX%2Bc1w86%2Bvrs41%2FN9W7dFw
2024-12-03,基地回应福宝状况异常,15.8万,https://tophub.today/l?e=bf86UgTkBnZfEIpZ4xOV2wOQfC%2F2IgjjIgkpqLBcKsImxtKJYmdEhgaJ0CYMtNLyUMiaE1J3DVv5UQPpiSDZGiM%2FVRfqZnjwY%2BEtP%2FDpcP0DAjS8FSDfKBFWL9IX7fRFD8rjGIfRwXeBbdFN2ljoCbYi041Bdo6OZM3CCn%2FxsBTF7m8cMj%2BuUcPBSN2sTnhHoNExCPRa9lBjVuQHOX89EMhd9zyDaVOL6lbJfTEdNddZRMIEfobeTxcOnRxughYVs2BxINAKAdT96OX8amT0R8ez7r3%2FNLenVKIpPXkA%2FfUvkpDlw2gj6pfM9LW7FrTg2%2FOfiEXKT1HNQNM
2024-12-03,孙颖莎回应莎头组合是否出战混双,30.3万,https://tophub.today/l?e=f53armRk92sk7RUPtxt4Fr7mXvnRqykG61d0FpXcmd49BS%2F9GHtiD3JePt5oouUDgPi0iye%2FfEMQ%2BAzgJjBsGmxLYj1yFbVkwKsuDR7mZ1Y%2BcbehHube5Upd%2F5yDBmAiZ81W058hrqPyiz6Y1bmIbjfHt95ZoUtUm0505nEdMDfTShXpq6YgB5OkjmcqdT7f6C0lOvvu%2BPFabwdwntewBvrcurkoOHzPoh71XPTjrvLiB8HLnuVVL%2FMDXgZJRQtesLevh0%2Bio1ZY%2F%2FIaZfySuT%2F26tBc%2BYi5BJJOyNoAK77gM5bNgbzAgQ%2F0rBiH06iluQdj9Z7H1YaCi2i1D9TLBVhuMgY%2B22xQMCpwkrRbKtVWJmMlZDFfgg7hq1zBveRLMdKcQcCORWZsTBNAgo2LMLCgTL05OcxWcGsrHcHboyi%2BoU1inj4
2024-12-03,孙颖莎回应签名只有莎,14.7万,https://tophub.today/l?e=34a3lEu8yh6OTeTh6USJ9Gu9j1TgESfWgkAXrzf0%2FG5JZi1mHl0eFUS%2Fc9MR9VnlMRFhJPUf09whTjb20IzPYuzxBZKBWG6zh%2BfN1X1VG8POLTueSKgMyItQx1TrAN0DAgzRqpvtF%2B%2BrhOsyoGfGSb2X5HWd7JHJFnSRPf6eBOsQysiq9TjSuOINXsioBljyOUzAs0MTenHrFAGfdfJj%2B%2FnyCWhpt2WT9fpwldr0Pp0ueLq8S71tzrGxDDt28vDGuzeNJF1YSzYidQvh%2F4jv%2BDEVJUko%2BE26d9Zbac7Wpo%2FuNRezh06cOu6443xIWKZSKOU3xlgRbtmysXo
2024-12-03,工业原料摇身一变成正品农药,327.5万阅读 | @CCTV今日说法,https://tophub.today/l?e=6f60ojVHv1ZstqgVHLBOq24Ae6iYLlMSUEKLgO45nvJ6oNTmyqkAX5QHVFzXam%2BC52ZH4BEO0Cju1ieMZvOLfcwVdXG2%2FGMDe2Oc6z1QagK2gmB8VJH%2B52JfGsE%2BcHjFg9rBQ7M4MiO%2Bdoa7Ya8bTQqL3DxpiD0rcUibH3xw45Z4XDueyVex0wPakF7xKihmGeAhJLACedWQatSlDyjOYCTaInIQVFcH6TXYEjZR%2FBm6NgHaI52yxxjZyfb0XhkhT%2BX0g%2Bgl0NfMeq%2FnlJi2ORAhq55xKVEbS26YBdbV2St0infN20EGureQMbAB1T%2FBKoc1Me3KYzgP%2FrfIqD1IGrLoGNd49siW3W7MD40qYtsHJJEvzC7ulrwjJi6eCZAlhBDp53CGIxc
2024-12-03,福宝将进行全面检查,23.2万,https://tophub.today/l?e=f684dvgWoPs7wmwVrp9mIplh90GZFqScMdX4oqV8Yzhb0d96ohC1O9Z01iUvTwRrREo7k5b2AZYwA6EgkOVDa%2BOO6KqCQbK041KkedB3Uu%2BqB7mwrRB5ja5hF%2BglIgK2bNXhPpeAVn7gXYEsCm72DC32yBj%2Fw0JKQrojCw%2B4%2FYHEapH6Rzugk1fDkLpqyVj3913elJnQ6ZnBibvdov9COj3U6COB0%2FkEmFXI9%2F1XShguFkIaYEE1qD499pbBaBonqpZ3VKvGrdgbtu0SmPyCCse7qnGjPG2p%2FUkLf7z3h2%2FPyd3yl%2F7r4b5Nojk
2024-12-03,吾湖兄弟重走来时的路,综艺 277822,https://tophub.today/l?e=f25fDuiR8ZWCONQVCrTYJS2QU2HwShd8N3o4qwueX%2FXp7VBJsrnV0F%2BqK5IUcL2iubxhMAXzb1WvYxvY2mNIIgCtK0c%2FEPXUIjTUlWfgqL%2BObFqDvyKt8WiEWR68RyJrfajHMc27W0B9ZDg89NzisY5qR8F54c4CjU1f8AoH9ZqWl9zYlOAz9Trtt9DAT2VGEH31gPFusKODyNFfF8vN%2BnbUBGO%2B6O8%2BcYdRWipxEMVCkzGccZY%2B6I7cjJ1pm3UTXEg4KdFyOtWM%2BLJrhhMvJ3bs%2Bqn7m7DLOrFiaacEH80d1p5%2BD14I%2BbPw9C%2FRmnhs2T8U0QYBkqaPu10
2024-12-03,艾克里里跟杨紫竟然是好朋友,15.3万,https://tophub.today/l?e=3f02NqU88UZ%2FvaKEI3vAle3nd31cn4nPXkv%2BPTeXG7cr%2Bu63MrGrGYgwbuwT9OjwMY6DUm5sBCXo5SSwVaUIL3oxUy%2Booh9Pi2LS4a1qYPGQkm2zJxOH%2Fo219ennAWzZwpT1wyLNtxYFGMrVvB6EBfK3ieqsDDOeeREIrp5jGDA8lFDmaOrGMEuhFGdSG4Hi%2FmkLh70ENur6IUSTXAAFgK09IQZVlyW9%2FIA2SNdluAoR26mL8ibU4K8pwwxw%2FIoOKljSjMGNYomBKbynPBuxjaba5pL%2Fy%2FEv1AM%2FizrdiMY6OhLk8T8hgzOPaMraf%2Fa0NTh48YlwCpSchLWww4YjS5MY%2FiZt0DUjx8GTU3oPfGLxUULz6d7FjSkygzIBQ7RTyQQ2Zv6Y7Do
2024-12-03,无限暖暖送100张迪士尼年卡,34.3万,https://tophub.today/l?e=367eAdam6oWbFOH3e3lapDAwr1yYU69Y4JrRoT97%2Fug6mpq1whGsjSKbT1RzAVV3i%2BLPy24lN1OKDDbXJo%2Bet6c97uc7DC9blRmfLb%2F%2FXhG%2F3VTxKE5Et9KB69YCbNvWLDx3vlGUhoKoUM2U3l7bE2LCCn9gl35SQIyYjkfMafKq5NOOWN71JYvitxxzeGSJlatU6Zy9di%2Fg5JnYPHDDZUDHo5xoyeWhOC2NeKQNUKzRJhHrjUHBAbi3JQG7%2F5jfKOuCXhT1dnN2wiPRlc6JxnOvIhbX6jxGqhLHKo6PDuHVTYEHAuLSTmt%2BI%2FR7fObv74D7u%2BrQ4v4chmNjRBJiBsTceex3MlS9btFDM0A
2024-12-03,工资被折换购物卡还限额使用,13.1万,https://tophub.today/l?e=94c0sc3XJwINKssHQGev6PlQ6ZrtILbuYO1%2FzctHzcGx4NQQ0V6kIfVgt8okv9iGaSidDG6hAe7Zjtb%2BVtU0ONxflqMeI9VA%2FpEfdgtPAUSSsjH%2BSE%2Bdj4itRve3%2BpbeSk%2B1ReCev5HaeuzGN8LGO1uLulIayXvov3Q6gVcxsCXbQRgTsPLqLMEQYkmMS9iwWasamD%2FM4U%2BrRnhpAa3HYK%2BTbRMxaaz3yw4k8Du9ly4XWvYdzTbq8tZEaNoFgV%2BzcxIogs%2FlSlq7q7fngH%2BLja4WwYSZuDxUheOVNXxRISNsoCrFagJrZtE2s2C31vTM5OSPlhD5XO%2BLuU1Vwix9URcK%2FFt4QpybrgKtl5XA1hjSzNOSYV1BjMkVoD4kaazFSH1uZ%2FMHr7g
2024-12-03,被AI换脸造黄谣的女孩公开发声维权,358.1万阅读 | @凤凰周刊,https://tophub.today/l?e=1062RciSEdnNhR8V2Rmk%2FazlsMUHePjzfqpxfxC3oY%2BWUFP7DQh5naqRDGNuY9q7rINTUwybxdAJfTKkS1y27a8ycyzkMHCQXbrk3DzFeEybXpcgyQ%2ByCst7erD3m%2BvVO9bI4wvkNm5nkmHhrDeT2OqQgXfSfbZMoUVOEGjStBCt10XrRiUcoOKsKbmA5XPw%2B90bKqu5fjAU7XDOgpsfMsw7B9lmXwel5qtWR78KWNcGQXj01BU7m6FEontOvHVfunYXKoAe5PCKwlEsPVA0PjLoIMX9uR0EV%2FnZJqwjlyIVtzTDfwkOkHBD4kLKoD63nPq43%2BNjPdVV8SWmTVOdX6m1fDVscuoJJAG9YT4qEwn6OMMNVvbpm1SvrCrJBr1XBOd3u%2FEBarHzlHgSfrQSZaDqFw22ftxj5uCacczwh%2BVRY3exWbGvDw
